onset	duration	category
231370	n/a	MRI_trigger
241870	n/a	MRI_trigger
252370	n/a	MRI_trigger
262870	n/a	MRI_trigger
273370	n/a	MRI_trigger
283870	n/a	MRI_trigger
294370	n/a	MRI_trigger
304870	n/a	MRI_trigger
315370	n/a	MRI_trigger
325870	n/a	MRI_trigger
336370	n/a	MRI_trigger
346870	n/a	MRI_trigger
357370	n/a	MRI_trigger
367870	n/a	MRI_trigger
378370	n/a	MRI_trigger
388870	n/a	MRI_trigger
399370	n/a	MRI_trigger
409870	n/a	MRI_trigger
420370	n/a	MRI_trigger
430870	n/a	MRI_trigger
441370	n/a	MRI_trigger
451870	n/a	MRI_trigger
462370	n/a	MRI_trigger
472870	n/a	MRI_trigger
483370	n/a	MRI_trigger
493870	n/a	MRI_trigger
504370	n/a	MRI_trigger
514870	n/a	MRI_trigger
525370	n/a	MRI_trigger
535870	n/a	MRI_trigger
546370	n/a	MRI_trigger
556870	n/a	MRI_trigger
567370	n/a	MRI_trigger
577870	n/a	MRI_trigger
588370	n/a	MRI_trigger
598870	n/a	MRI_trigger
609370	n/a	MRI_trigger
619870	n/a	MRI_trigger
630370	n/a	MRI_trigger
640870	n/a	MRI_trigger
651370	n/a	MRI_trigger
661870	n/a	MRI_trigger
672370	n/a	MRI_trigger
682870	n/a	MRI_trigger
693370	n/a	MRI_trigger
703870	n/a	MRI_trigger
714370	n/a	MRI_trigger
724870	n/a	MRI_trigger
735370	n/a	MRI_trigger
745870	n/a	MRI_trigger
756370	n/a	MRI_trigger
766870	n/a	MRI_trigger
777370	n/a	MRI_trigger
787870	n/a	MRI_trigger
798370	n/a	MRI_trigger
808870	n/a	MRI_trigger
819370	n/a	MRI_trigger
829870	n/a	MRI_trigger
840370	n/a	MRI_trigger
850870	n/a	MRI_trigger
861370	n/a	MRI_trigger
871870	n/a	MRI_trigger
882370	n/a	MRI_trigger
892870	n/a	MRI_trigger
903370	n/a	MRI_trigger
913870	n/a	MRI_trigger
924370	n/a	MRI_trigger
934870	n/a	MRI_trigger
945370	n/a	MRI_trigger
955870	n/a	MRI_trigger
966370	n/a	MRI_trigger
976870	n/a	MRI_trigger
987370	n/a	MRI_trigger
997870	n/a	MRI_trigger
1008370	n/a	MRI_trigger
1018870	n/a	MRI_trigger
1029370	n/a	MRI_trigger
1039870	n/a	MRI_trigger
1050370	n/a	MRI_trigger
1060870	n/a	MRI_trigger
1071370	n/a	MRI_trigger
1081870	n/a	MRI_trigger
1092370	n/a	MRI_trigger
1102870	n/a	MRI_trigger
1113370	n/a	MRI_trigger
1123870	n/a	MRI_trigger
1134370	n/a	MRI_trigger
1144870	n/a	MRI_trigger
1155370	n/a	MRI_trigger
1165870	n/a	MRI_trigger
1176370	n/a	MRI_trigger
1186870	n/a	MRI_trigger
1197370	n/a	MRI_trigger
1207870	n/a	MRI_trigger
1218370	n/a	MRI_trigger
1228870	n/a	MRI_trigger
1239370	n/a	MRI_trigger
1249870	n/a	MRI_trigger
1260370	n/a	MRI_trigger
1270870	n/a	MRI_trigger
1281370	n/a	MRI_trigger
1291870	n/a	MRI_trigger
1302370	n/a	MRI_trigger
1312870	n/a	MRI_trigger
1323370	n/a	MRI_trigger
1333870	n/a	MRI_trigger
1344370	n/a	MRI_trigger
1354870	n/a	MRI_trigger
1365370	n/a	MRI_trigger
1375870	n/a	MRI_trigger
1386370	n/a	MRI_trigger
1396870	n/a	MRI_trigger
1407370	n/a	MRI_trigger
1417870	n/a	MRI_trigger
1428370	n/a	MRI_trigger
1438870	n/a	MRI_trigger
1449370	n/a	MRI_trigger
1459870	n/a	MRI_trigger
1470370	n/a	MRI_trigger
1480870	n/a	MRI_trigger
1491370	n/a	MRI_trigger
1501870	n/a	MRI_trigger
1512370	n/a	MRI_trigger
1522870	n/a	MRI_trigger
1533370	n/a	MRI_trigger
1543870	n/a	MRI_trigger
1554370	n/a	MRI_trigger
1564870	n/a	MRI_trigger
1575370	n/a	MRI_trigger
1585870	n/a	MRI_trigger
1596370	n/a	MRI_trigger
1606870	n/a	MRI_trigger
1617370	n/a	MRI_trigger
1627870	n/a	MRI_trigger
1638370	n/a	MRI_trigger
1648870	n/a	MRI_trigger
1659370	n/a	MRI_trigger
1669870	n/a	MRI_trigger
1680370	n/a	MRI_trigger
1690870	n/a	MRI_trigger
1701370	n/a	MRI_trigger
1711870	n/a	MRI_trigger
1722370	n/a	MRI_trigger
1732870	n/a	MRI_trigger
1743370	n/a	MRI_trigger
1753870	n/a	MRI_trigger
1764370	n/a	MRI_trigger
1774870	n/a	MRI_trigger
1785370	n/a	MRI_trigger
1795870	n/a	MRI_trigger
1806370	n/a	MRI_trigger
1816870	n/a	MRI_trigger
1827370	n/a	MRI_trigger
1837870	n/a	MRI_trigger
1848370	n/a	MRI_trigger
1858870	n/a	MRI_trigger
1869370	n/a	MRI_trigger
1879870	n/a	MRI_trigger
1890370	n/a	MRI_trigger
1900870	n/a	MRI_trigger
1911370	n/a	MRI_trigger
1921870	n/a	MRI_trigger
1932370	n/a	MRI_trigger
1942870	n/a	MRI_trigger
1953370	n/a	MRI_trigger
1963870	n/a	MRI_trigger
1974370	n/a	MRI_trigger
1984870	n/a	MRI_trigger
1995370	n/a	MRI_trigger
2005870	n/a	MRI_trigger
2016370	n/a	MRI_trigger
2026870	n/a	MRI_trigger
2037370	n/a	MRI_trigger
2047870	n/a	MRI_trigger
2058370	n/a	MRI_trigger
2068870	n/a	MRI_trigger
2079370	n/a	MRI_trigger
2089870	n/a	MRI_trigger
2100370	n/a	MRI_trigger
2110870	n/a	MRI_trigger
2121370	n/a	MRI_trigger
2131870	n/a	MRI_trigger
2142370	n/a	MRI_trigger
2152870	n/a	MRI_trigger
2163370	n/a	MRI_trigger
2173870	n/a	MRI_trigger
2184370	n/a	MRI_trigger
2194870	n/a	MRI_trigger
2205370	n/a	MRI_trigger
2215870	n/a	MRI_trigger
2226370	n/a	MRI_trigger
2236870	n/a	MRI_trigger
2247370	n/a	MRI_trigger
2257870	n/a	MRI_trigger
2268370	n/a	MRI_trigger
2278870	n/a	MRI_trigger
2289370	n/a	MRI_trigger
2299870	n/a	MRI_trigger
2310370	n/a	MRI_trigger
2320870	n/a	MRI_trigger
2331370	n/a	MRI_trigger
2341870	n/a	MRI_trigger
2352370	n/a	MRI_trigger
2362870	n/a	MRI_trigger
2373370	n/a	MRI_trigger
2383870	n/a	MRI_trigger
2394370	n/a	MRI_trigger
2404870	n/a	MRI_trigger
2415370	n/a	MRI_trigger
2425870	n/a	MRI_trigger
2436370	n/a	MRI_trigger
2446870	n/a	MRI_trigger
2457370	n/a	MRI_trigger
2467870	n/a	MRI_trigger
2478370	n/a	MRI_trigger
2488870	n/a	MRI_trigger
2499370	n/a	MRI_trigger
2509870	n/a	MRI_trigger
2520370	n/a	MRI_trigger
2530870	n/a	MRI_trigger
2541370	n/a	MRI_trigger
2551870	n/a	MRI_trigger
2562370	n/a	MRI_trigger
2572870	n/a	MRI_trigger
2583370	n/a	MRI_trigger
2593870	n/a	MRI_trigger
2604370	n/a	MRI_trigger
2614870	n/a	MRI_trigger
2625370	n/a	MRI_trigger
2635870	n/a	MRI_trigger
2646370	n/a	MRI_trigger
2656870	n/a	MRI_trigger
2667370	n/a	MRI_trigger
2677870	n/a	MRI_trigger
2688370	n/a	MRI_trigger
2698870	n/a	MRI_trigger
2709370	n/a	MRI_trigger
2719870	n/a	MRI_trigger
2730370	n/a	MRI_trigger
2740870	n/a	MRI_trigger
2751370	n/a	MRI_trigger
2761870	n/a	MRI_trigger
2772370	n/a	MRI_trigger
2782870	n/a	MRI_trigger
2793370	n/a	MRI_trigger
2803870	n/a	MRI_trigger
2814370	n/a	MRI_trigger
2824870	n/a	MRI_trigger
2835370	n/a	MRI_trigger
2845870	n/a	MRI_trigger
2856370	n/a	MRI_trigger
2866870	n/a	MRI_trigger
2877370	n/a	MRI_trigger
2887870	n/a	MRI_trigger
2898370	n/a	MRI_trigger
2908870	n/a	MRI_trigger
2919370	n/a	MRI_trigger
2929870	n/a	MRI_trigger
2940370	n/a	MRI_trigger
2950870	n/a	MRI_trigger
2961370	n/a	MRI_trigger
2971870	n/a	MRI_trigger
2982370	n/a	MRI_trigger
2992870	n/a	MRI_trigger
3003370	n/a	MRI_trigger
3013870	n/a	MRI_trigger
3024370	n/a	MRI_trigger
3034870	n/a	MRI_trigger
3045370	n/a	MRI_trigger
3055870	n/a	MRI_trigger
3066370	n/a	MRI_trigger
3076870	n/a	MRI_trigger
3087370	n/a	MRI_trigger
3097870	n/a	MRI_trigger
3108370	n/a	MRI_trigger
3118870	n/a	MRI_trigger
3129370	n/a	MRI_trigger
3139870	n/a	MRI_trigger
3150370	n/a	MRI_trigger
3160870	n/a	MRI_trigger
3171370	n/a	MRI_trigger
3181870	n/a	MRI_trigger
3192370	n/a	MRI_trigger
3202870	n/a	MRI_trigger
3213370	n/a	MRI_trigger
3223870	n/a	MRI_trigger
3234370	n/a	MRI_trigger
3244870	n/a	MRI_trigger
3255370	n/a	MRI_trigger
3265870	n/a	MRI_trigger
3276370	n/a	MRI_trigger
3286870	n/a	MRI_trigger
3297370	n/a	MRI_trigger
3307870	n/a	MRI_trigger
3318370	n/a	MRI_trigger
3328870	n/a	MRI_trigger
3339370	n/a	MRI_trigger
3349870	n/a	MRI_trigger
3360370	n/a	MRI_trigger
3370870	n/a	MRI_trigger
3381370	n/a	MRI_trigger
3391870	n/a	MRI_trigger
3402370	n/a	MRI_trigger
3412870	n/a	MRI_trigger
3423370	n/a	MRI_trigger
3433870	n/a	MRI_trigger
3444370	n/a	MRI_trigger
3454870	n/a	MRI_trigger
3465370	n/a	MRI_trigger
3475870	n/a	MRI_trigger
3486370	n/a	MRI_trigger
3496870	n/a	MRI_trigger
3507370	n/a	MRI_trigger
3517870	n/a	MRI_trigger
3528370	n/a	MRI_trigger
3538870	n/a	MRI_trigger
3549370	n/a	MRI_trigger
3559870	n/a	MRI_trigger
3570370	n/a	MRI_trigger
3580870	n/a	MRI_trigger
3591370	n/a	MRI_trigger
3601870	n/a	MRI_trigger
3612370	n/a	MRI_trigger
3622870	n/a	MRI_trigger
3633370	n/a	MRI_trigger
3643870	n/a	MRI_trigger
3654370	n/a	MRI_trigger
3664870	n/a	MRI_trigger
3675370	n/a	MRI_trigger
3685870	n/a	MRI_trigger
3696370	n/a	MRI_trigger
3706870	n/a	MRI_trigger
3717370	n/a	MRI_trigger
3727870	n/a	MRI_trigger
3738370	n/a	MRI_trigger
3748870	n/a	MRI_trigger
3759370	n/a	MRI_trigger
3769870	n/a	MRI_trigger
3780370	n/a	MRI_trigger
3790870	n/a	MRI_trigger
3801370	n/a	MRI_trigger
3811870	n/a	MRI_trigger
3822370	n/a	MRI_trigger
3832870	n/a	MRI_trigger
3843370	n/a	MRI_trigger
3853870	n/a	MRI_trigger
3864370	n/a	MRI_trigger
3874870	n/a	MRI_trigger
3885370	n/a	MRI_trigger
3895870	n/a	MRI_trigger
3906370	n/a	MRI_trigger
3916870	n/a	MRI_trigger
3927370	n/a	MRI_trigger
3937870	n/a	MRI_trigger
3948370	n/a	MRI_trigger
3958870	n/a	MRI_trigger
3969370	n/a	MRI_trigger
3979870	n/a	MRI_trigger
3990370	n/a	MRI_trigger
4000870	n/a	MRI_trigger
4011370	n/a	MRI_trigger
4021870	n/a	MRI_trigger
4032370	n/a	MRI_trigger
4042870	n/a	MRI_trigger
4053370	n/a	MRI_trigger
4063870	n/a	MRI_trigger
4074370	n/a	MRI_trigger
4084870	n/a	MRI_trigger
4095370	n/a	MRI_trigger
4105870	n/a	MRI_trigger
4116370	n/a	MRI_trigger
4126870	n/a	MRI_trigger
4137370	n/a	MRI_trigger
4147870	n/a	MRI_trigger
4158370	n/a	MRI_trigger
4168870	n/a	MRI_trigger
4179370	n/a	MRI_trigger
4189870	n/a	MRI_trigger
4200370	n/a	MRI_trigger
4210870	n/a	MRI_trigger
4221370	n/a	MRI_trigger
4231870	n/a	MRI_trigger
4242370	n/a	MRI_trigger
4252870	n/a	MRI_trigger
4263370	n/a	MRI_trigger
4273870	n/a	MRI_trigger
4284370	n/a	MRI_trigger
4294870	n/a	MRI_trigger
4305370	n/a	MRI_trigger
4315870	n/a	MRI_trigger
4326370	n/a	MRI_trigger
4336870	n/a	MRI_trigger
4347370	n/a	MRI_trigger
4357870	n/a	MRI_trigger
4368370	n/a	MRI_trigger
4378870	n/a	MRI_trigger
4389370	n/a	MRI_trigger
4399870	n/a	MRI_trigger
4410370	n/a	MRI_trigger
4420870	n/a	MRI_trigger
4431370	n/a	MRI_trigger
4441870	n/a	MRI_trigger
4452370	n/a	MRI_trigger
4462870	n/a	MRI_trigger
4473370	n/a	MRI_trigger
4483870	n/a	MRI_trigger
4494370	n/a	MRI_trigger
4504870	n/a	MRI_trigger
4515370	n/a	MRI_trigger
4525870	n/a	MRI_trigger
4536370	n/a	MRI_trigger
4546870	n/a	MRI_trigger
4557370	n/a	MRI_trigger
4567870	n/a	MRI_trigger
4578370	n/a	MRI_trigger
4588870	n/a	MRI_trigger
4599370	n/a	MRI_trigger
4609870	n/a	MRI_trigger
4620370	n/a	MRI_trigger
4630870	n/a	MRI_trigger
4641370	n/a	MRI_trigger
4651870	n/a	MRI_trigger
4662370	n/a	MRI_trigger
4672870	n/a	MRI_trigger
4683370	n/a	MRI_trigger
4693870	n/a	MRI_trigger
4704370	n/a	MRI_trigger
4714870	n/a	MRI_trigger
4725370	n/a	MRI_trigger
4735870	n/a	MRI_trigger
4746370	n/a	MRI_trigger
4756870	n/a	MRI_trigger
4767370	n/a	MRI_trigger
4777870	n/a	MRI_trigger
4788370	n/a	MRI_trigger
4798870	n/a	MRI_trigger
4809370	n/a	MRI_trigger
4819870	n/a	MRI_trigger
4830370	n/a	MRI_trigger
4840870	n/a	MRI_trigger
4851370	n/a	MRI_trigger
4861870	n/a	MRI_trigger
4872370	n/a	MRI_trigger
4882870	n/a	MRI_trigger
4893370	n/a	MRI_trigger
4903870	n/a	MRI_trigger
4914370	n/a	MRI_trigger
4924870	n/a	MRI_trigger
4935370	n/a	MRI_trigger
4945870	n/a	MRI_trigger
4956370	n/a	MRI_trigger
4966870	n/a	MRI_trigger
4977370	n/a	MRI_trigger
4987870	n/a	MRI_trigger
4998370	n/a	MRI_trigger
5008870	n/a	MRI_trigger
5019370	n/a	MRI_trigger
5029870	n/a	MRI_trigger
5040370	n/a	MRI_trigger
5050870	n/a	MRI_trigger
5061370	n/a	MRI_trigger
5071870	n/a	MRI_trigger
5082370	n/a	MRI_trigger
5092870	n/a	MRI_trigger
5103370	n/a	MRI_trigger
5113870	n/a	MRI_trigger
5124370	n/a	MRI_trigger
5134870	n/a	MRI_trigger
5145370	n/a	MRI_trigger
5155870	n/a	MRI_trigger
5166370	n/a	MRI_trigger
5176870	n/a	MRI_trigger
5187370	n/a	MRI_trigger
5197870	n/a	MRI_trigger
5208370	n/a	MRI_trigger
5218870	n/a	MRI_trigger
5229370	n/a	MRI_trigger
5239870	n/a	MRI_trigger
5250370	n/a	MRI_trigger
5260870	n/a	MRI_trigger
5271370	n/a	MRI_trigger
5281870	n/a	MRI_trigger
5292370	n/a	MRI_trigger
5302870	n/a	MRI_trigger
5313370	n/a	MRI_trigger
5323870	n/a	MRI_trigger
5334370	n/a	MRI_trigger
5344870	n/a	MRI_trigger
5355370	n/a	MRI_trigger
5365870	n/a	MRI_trigger
5376370	n/a	MRI_trigger
5386870	n/a	MRI_trigger
5397370	n/a	MRI_trigger
5407870	n/a	MRI_trigger
5418370	n/a	MRI_trigger
5428870	n/a	MRI_trigger
5439370	n/a	MRI_trigger
5449870	n/a	MRI_trigger
5460370	n/a	MRI_trigger
5470870	n/a	MRI_trigger
5481370	n/a	MRI_trigger
5491870	n/a	MRI_trigger
5502370	n/a	MRI_trigger
5512870	n/a	MRI_trigger
5523370	n/a	MRI_trigger
5533870	n/a	MRI_trigger
5544370	n/a	MRI_trigger
5554870	n/a	MRI_trigger
5565370	n/a	MRI_trigger
5575870	n/a	MRI_trigger
5586370	n/a	MRI_trigger
5596870	n/a	MRI_trigger
5607370	n/a	MRI_trigger
5617870	n/a	MRI_trigger
5628370	n/a	MRI_trigger
5638870	n/a	MRI_trigger
5649370	n/a	MRI_trigger
5659870	n/a	MRI_trigger
5670370	n/a	MRI_trigger
5680870	n/a	MRI_trigger
5691370	n/a	MRI_trigger
5701870	n/a	MRI_trigger
5712370	n/a	MRI_trigger
5722870	n/a	MRI_trigger
5733370	n/a	MRI_trigger
5743870	n/a	MRI_trigger
5754370	n/a	MRI_trigger
5764870	n/a	MRI_trigger
5775370	n/a	MRI_trigger
5785870	n/a	MRI_trigger
5796370	n/a	MRI_trigger
5806870	n/a	MRI_trigger
5817370	n/a	MRI_trigger
5827870	n/a	MRI_trigger
5838370	n/a	MRI_trigger
5848870	n/a	MRI_trigger
5859370	n/a	MRI_trigger
5869870	n/a	MRI_trigger
5880370	n/a	MRI_trigger
5890870	n/a	MRI_trigger
5901370	n/a	MRI_trigger
5911870	n/a	MRI_trigger
5922370	n/a	MRI_trigger
5932870	n/a	MRI_trigger
5943370	n/a	MRI_trigger
5953870	n/a	MRI_trigger
5964370	n/a	MRI_trigger
5974870	n/a	MRI_trigger
5985370	n/a	MRI_trigger
5995870	n/a	MRI_trigger
6006370	n/a	MRI_trigger
6016870	n/a	MRI_trigger
6027370	n/a	MRI_trigger
6037870	n/a	MRI_trigger
6048370	n/a	MRI_trigger
6058870	n/a	MRI_trigger
6069370	n/a	MRI_trigger
6079870	n/a	MRI_trigger
6090370	n/a	MRI_trigger
6100870	n/a	MRI_trigger
6111370	n/a	MRI_trigger
6121870	n/a	MRI_trigger
6132370	n/a	MRI_trigger
6142870	n/a	MRI_trigger
6153370	n/a	MRI_trigger
6163870	n/a	MRI_trigger
6174370	n/a	MRI_trigger
6184870	n/a	MRI_trigger
6195370	n/a	MRI_trigger
6205870	n/a	MRI_trigger
6216370	n/a	MRI_trigger
6226870	n/a	MRI_trigger
6237370	n/a	MRI_trigger
6247870	n/a	MRI_trigger
6258370	n/a	MRI_trigger
6268870	n/a	MRI_trigger
6279370	n/a	MRI_trigger
6289870	n/a	MRI_trigger
6300370	n/a	MRI_trigger
6310870	n/a	MRI_trigger
6321370	n/a	MRI_trigger
6331870	n/a	MRI_trigger
6342370	n/a	MRI_trigger
6352870	n/a	MRI_trigger
6363370	n/a	MRI_trigger
6373870	n/a	MRI_trigger
6384370	n/a	MRI_trigger
6394870	n/a	MRI_trigger
6405370	n/a	MRI_trigger
6415870	n/a	MRI_trigger
6426370	n/a	MRI_trigger
6436870	n/a	MRI_trigger
6447370	n/a	MRI_trigger
6457870	n/a	MRI_trigger
6468370	n/a	MRI_trigger
6478870	n/a	MRI_trigger
6489370	n/a	MRI_trigger
6499870	n/a	MRI_trigger
6510370	n/a	MRI_trigger
6520870	n/a	MRI_trigger
6531370	n/a	MRI_trigger
6541870	n/a	MRI_trigger
6552370	n/a	MRI_trigger
6562870	n/a	MRI_trigger
6573370	n/a	MRI_trigger
6583870	n/a	MRI_trigger
6594370	n/a	MRI_trigger
6604870	n/a	MRI_trigger
6615370	n/a	MRI_trigger
6625870	n/a	MRI_trigger
6636370	n/a	MRI_trigger
6646870	n/a	MRI_trigger
6657370	n/a	MRI_trigger
6667870	n/a	MRI_trigger
6678370	n/a	MRI_trigger
6688870	n/a	MRI_trigger
6699370	n/a	MRI_trigger
6709870	n/a	MRI_trigger
6720370	n/a	MRI_trigger
6730870	n/a	MRI_trigger
6741370	n/a	MRI_trigger
6751870	n/a	MRI_trigger
6762370	n/a	MRI_trigger
6772870	n/a	MRI_trigger
6783370	n/a	MRI_trigger
6793870	n/a	MRI_trigger
6804370	n/a	MRI_trigger
6814870	n/a	MRI_trigger
6825370	n/a	MRI_trigger
6835870	n/a	MRI_trigger
6846370	n/a	MRI_trigger
6856870	n/a	MRI_trigger
6867370	n/a	MRI_trigger
6877870	n/a	MRI_trigger
6888370	n/a	MRI_trigger
6898870	n/a	MRI_trigger
6909370	n/a	MRI_trigger
6919870	n/a	MRI_trigger
6930370	n/a	MRI_trigger
6940870	n/a	MRI_trigger
6951370	n/a	MRI_trigger
6961870	n/a	MRI_trigger
6972370	n/a	MRI_trigger
6982870	n/a	MRI_trigger
6993370	n/a	MRI_trigger
7003870	n/a	MRI_trigger
7014370	n/a	MRI_trigger
7024870	n/a	MRI_trigger
7035370	n/a	MRI_trigger
7045870	n/a	MRI_trigger
7056370	n/a	MRI_trigger
7066870	n/a	MRI_trigger
7077370	n/a	MRI_trigger
7087870	n/a	MRI_trigger
7098370	n/a	MRI_trigger
7108870	n/a	MRI_trigger
7119370	n/a	MRI_trigger
7129870	n/a	MRI_trigger
7140370	n/a	MRI_trigger
7150870	n/a	MRI_trigger
7161370	n/a	MRI_trigger
7171870	n/a	MRI_trigger
7182370	n/a	MRI_trigger
7192870	n/a	MRI_trigger
7203370	n/a	MRI_trigger
7213870	n/a	MRI_trigger
7224370	n/a	MRI_trigger
7234870	n/a	MRI_trigger
7245370	n/a	MRI_trigger
7255870	n/a	MRI_trigger
7266370	n/a	MRI_trigger
7276870	n/a	MRI_trigger
7287370	n/a	MRI_trigger
7297870	n/a	MRI_trigger
7308370	n/a	MRI_trigger
7318870	n/a	MRI_trigger
7329370	n/a	MRI_trigger
7339870	n/a	MRI_trigger
7350370	n/a	MRI_trigger
7360870	n/a	MRI_trigger
7371370	n/a	MRI_trigger
7381870	n/a	MRI_trigger
7392370	n/a	MRI_trigger
7402870	n/a	MRI_trigger
7413370	n/a	MRI_trigger
7423870	n/a	MRI_trigger
7434370	n/a	MRI_trigger
7444870	n/a	MRI_trigger
7455370	n/a	MRI_trigger
7465870	n/a	MRI_trigger
7476370	n/a	MRI_trigger
7486870	n/a	MRI_trigger
7497370	n/a	MRI_trigger
7507870	n/a	MRI_trigger
7518370	n/a	MRI_trigger
7528870	n/a	MRI_trigger
7539370	n/a	MRI_trigger
7549870	n/a	MRI_trigger
7560370	n/a	MRI_trigger
7570870	n/a	MRI_trigger
7581370	n/a	MRI_trigger
7591870	n/a	MRI_trigger
7602370	n/a	MRI_trigger
7612870	n/a	MRI_trigger
7623370	n/a	MRI_trigger
7633870	n/a	MRI_trigger
7644370	n/a	MRI_trigger
7654870	n/a	MRI_trigger
7665370	n/a	MRI_trigger
7675870	n/a	MRI_trigger
7686370	n/a	MRI_trigger
7696870	n/a	MRI_trigger
7707370	n/a	MRI_trigger
7717870	n/a	MRI_trigger
7728370	n/a	MRI_trigger
7738870	n/a	MRI_trigger
7749370	n/a	MRI_trigger
7759870	n/a	MRI_trigger
7770370	n/a	MRI_trigger
7780870	n/a	MRI_trigger
7791370	n/a	MRI_trigger
7801870	n/a	MRI_trigger
7812370	n/a	MRI_trigger
7822870	n/a	MRI_trigger
7833370	n/a	MRI_trigger
7843870	n/a	MRI_trigger
7854370	n/a	MRI_trigger
7864870	n/a	MRI_trigger
7875370	n/a	MRI_trigger
7885870	n/a	MRI_trigger
7896370	n/a	MRI_trigger
7906870	n/a	MRI_trigger
7917370	n/a	MRI_trigger
7927870	n/a	MRI_trigger
7938370	n/a	MRI_trigger
7948870	n/a	MRI_trigger
7959370	n/a	MRI_trigger
7969870	n/a	MRI_trigger
7980370	n/a	MRI_trigger
7990870	n/a	MRI_trigger
8001370	n/a	MRI_trigger
8011870	n/a	MRI_trigger
8022370	n/a	MRI_trigger
8032870	n/a	MRI_trigger
8043370	n/a	MRI_trigger
8053870	n/a	MRI_trigger
8064370	n/a	MRI_trigger
8074870	n/a	MRI_trigger
8085370	n/a	MRI_trigger
8095870	n/a	MRI_trigger
8106370	n/a	MRI_trigger
8116870	n/a	MRI_trigger
8127370	n/a	MRI_trigger
8137870	n/a	MRI_trigger
8148370	n/a	MRI_trigger
8158870	n/a	MRI_trigger
8169370	n/a	MRI_trigger
8179870	n/a	MRI_trigger
8190370	n/a	MRI_trigger
8200870	n/a	MRI_trigger
8211370	n/a	MRI_trigger
8221870	n/a	MRI_trigger
8232370	n/a	MRI_trigger
8242870	n/a	MRI_trigger
8253370	n/a	MRI_trigger
8263870	n/a	MRI_trigger
8274370	n/a	MRI_trigger
8284870	n/a	MRI_trigger
8295370	n/a	MRI_trigger
8305870	n/a	MRI_trigger
8316370	n/a	MRI_trigger
8326870	n/a	MRI_trigger
8337370	n/a	MRI_trigger
8347870	n/a	MRI_trigger
8358370	n/a	MRI_trigger
8368870	n/a	MRI_trigger
8379370	n/a	MRI_trigger
8389870	n/a	MRI_trigger
8400370	n/a	MRI_trigger
8410870	n/a	MRI_trigger
8421370	n/a	MRI_trigger
8431870	n/a	MRI_trigger
8442370	n/a	MRI_trigger
8452870	n/a	MRI_trigger
8463370	n/a	MRI_trigger
8473870	n/a	MRI_trigger
8484370	n/a	MRI_trigger
8494870	n/a	MRI_trigger
8505370	n/a	MRI_trigger
8515870	n/a	MRI_trigger
8526370	n/a	MRI_trigger
8536870	n/a	MRI_trigger
8547370	n/a	MRI_trigger
8557870	n/a	MRI_trigger
8568370	n/a	MRI_trigger
8578870	n/a	MRI_trigger
8589370	n/a	MRI_trigger
8599870	n/a	MRI_trigger
8610370	n/a	MRI_trigger
8620870	n/a	MRI_trigger
8631370	n/a	MRI_trigger
8641870	n/a	MRI_trigger
8652370	n/a	MRI_trigger
8662870	n/a	MRI_trigger
8673370	n/a	MRI_trigger
8683870	n/a	MRI_trigger
8694370	n/a	MRI_trigger
8704870	n/a	MRI_trigger
8715370	n/a	MRI_trigger
8725870	n/a	MRI_trigger
8736370	n/a	MRI_trigger
8746870	n/a	MRI_trigger
8757370	n/a	MRI_trigger
8767870	n/a	MRI_trigger
8778370	n/a	MRI_trigger
8788870	n/a	MRI_trigger
8799370	n/a	MRI_trigger
8809870	n/a	MRI_trigger
8820370	n/a	MRI_trigger
8830870	n/a	MRI_trigger
8841370	n/a	MRI_trigger
8851870	n/a	MRI_trigger
8862370	n/a	MRI_trigger
8872870	n/a	MRI_trigger
8883370	n/a	MRI_trigger
8893870	n/a	MRI_trigger
8904370	n/a	MRI_trigger
8914870	n/a	MRI_trigger
8925370	n/a	MRI_trigger
8935870	n/a	MRI_trigger
8946370	n/a	MRI_trigger
8956870	n/a	MRI_trigger
8967370	n/a	MRI_trigger
8977870	n/a	MRI_trigger
8988370	n/a	MRI_trigger
8998870	n/a	MRI_trigger
9009370	n/a	MRI_trigger
9019870	n/a	MRI_trigger
9030370	n/a	MRI_trigger
9040870	n/a	MRI_trigger
9051370	n/a	MRI_trigger
9061870	n/a	MRI_trigger
9072370	n/a	MRI_trigger
9082870	n/a	MRI_trigger
9093370	n/a	MRI_trigger
9103870	n/a	MRI_trigger
9114370	n/a	MRI_trigger
9124870	n/a	MRI_trigger
9135370	n/a	MRI_trigger
9145870	n/a	MRI_trigger
9156370	n/a	MRI_trigger
9166870	n/a	MRI_trigger
9177370	n/a	MRI_trigger
9187870	n/a	MRI_trigger
9198370	n/a	MRI_trigger
9208870	n/a	MRI_trigger
9219370	n/a	MRI_trigger
9229870	n/a	MRI_trigger
9240370	n/a	MRI_trigger
9250870	n/a	MRI_trigger
9261370	n/a	MRI_trigger
9271870	n/a	MRI_trigger
9282370	n/a	MRI_trigger
9292870	n/a	MRI_trigger
9303370	n/a	MRI_trigger
9313870	n/a	MRI_trigger
9324370	n/a	MRI_trigger
9334870	n/a	MRI_trigger
9345370	n/a	MRI_trigger
9355870	n/a	MRI_trigger
9366370	n/a	MRI_trigger
9376870	n/a	MRI_trigger
9387370	n/a	MRI_trigger
9397870	n/a	MRI_trigger
9408370	n/a	MRI_trigger
9418870	n/a	MRI_trigger
9429370	n/a	MRI_trigger
9439870	n/a	MRI_trigger
9450370	n/a	MRI_trigger
9460870	n/a	MRI_trigger
9471370	n/a	MRI_trigger
9481870	n/a	MRI_trigger
9492370	n/a	MRI_trigger
9502870	n/a	MRI_trigger
9513370	n/a	MRI_trigger
9523870	n/a	MRI_trigger
9534370	n/a	MRI_trigger
9544870	n/a	MRI_trigger
9555370	n/a	MRI_trigger
9565870	n/a	MRI_trigger
9576370	n/a	MRI_trigger
9586870	n/a	MRI_trigger
9597370	n/a	MRI_trigger
9607870	n/a	MRI_trigger
9618370	n/a	MRI_trigger
9628870	n/a	MRI_trigger
9639370	n/a	MRI_trigger
9649870	n/a	MRI_trigger
9660370	n/a	MRI_trigger
9670870	n/a	MRI_trigger
9681370	n/a	MRI_trigger
9691870	n/a	MRI_trigger
9702370	n/a	MRI_trigger
9712870	n/a	MRI_trigger
9723370	n/a	MRI_trigger
9733870	n/a	MRI_trigger
9744370	n/a	MRI_trigger
9754870	n/a	MRI_trigger
9765370	n/a	MRI_trigger
9775870	n/a	MRI_trigger
9786370	n/a	MRI_trigger
9796870	n/a	MRI_trigger
9807370	n/a	MRI_trigger
9817870	n/a	MRI_trigger
9828370	n/a	MRI_trigger
9838870	n/a	MRI_trigger
9849370	n/a	MRI_trigger
9859870	n/a	MRI_trigger
9870370	n/a	MRI_trigger
9880870	n/a	MRI_trigger
9891370	n/a	MRI_trigger
9901870	n/a	MRI_trigger
9912370	n/a	MRI_trigger
9922870	n/a	MRI_trigger
9933370	n/a	MRI_trigger
9943870	n/a	MRI_trigger
9954370	n/a	MRI_trigger
9964870	n/a	MRI_trigger
9975370	n/a	MRI_trigger
9985870	n/a	MRI_trigger
9996370	n/a	MRI_trigger
10006870	n/a	MRI_trigger
10017370	n/a	MRI_trigger
10027870	n/a	MRI_trigger
10038370	n/a	MRI_trigger
10048870	n/a	MRI_trigger
10059370	n/a	MRI_trigger
10069870	n/a	MRI_trigger
10080370	n/a	MRI_trigger
10090870	n/a	MRI_trigger
10101370	n/a	MRI_trigger
10111870	n/a	MRI_trigger
10122370	n/a	MRI_trigger
10132870	n/a	MRI_trigger
10143370	n/a	MRI_trigger
10153870	n/a	MRI_trigger
10164370	n/a	MRI_trigger
10174870	n/a	MRI_trigger
10185370	n/a	MRI_trigger
10195870	n/a	MRI_trigger
10206370	n/a	MRI_trigger
10216870	n/a	MRI_trigger
10227370	n/a	MRI_trigger
10237870	n/a	MRI_trigger
10248370	n/a	MRI_trigger
10258870	n/a	MRI_trigger
10269370	n/a	MRI_trigger
10279870	n/a	MRI_trigger
10290370	n/a	MRI_trigger
10300870	n/a	MRI_trigger
10311370	n/a	MRI_trigger
10321870	n/a	MRI_trigger
10332370	n/a	MRI_trigger
10342870	n/a	MRI_trigger
10353370	n/a	MRI_trigger
10363870	n/a	MRI_trigger
10374370	n/a	MRI_trigger
10384870	n/a	MRI_trigger
10395370	n/a	MRI_trigger
10405870	n/a	MRI_trigger
10416370	n/a	MRI_trigger
10426870	n/a	MRI_trigger
10437370	n/a	MRI_trigger
10447870	n/a	MRI_trigger
10458370	n/a	MRI_trigger
10468870	n/a	MRI_trigger
10479370	n/a	MRI_trigger
10489870	n/a	MRI_trigger
10500370	n/a	MRI_trigger
10510870	n/a	MRI_trigger
10521370	n/a	MRI_trigger
10531870	n/a	MRI_trigger
10542370	n/a	MRI_trigger
10552870	n/a	MRI_trigger
10563370	n/a	MRI_trigger
10573870	n/a	MRI_trigger
10584370	n/a	MRI_trigger
10594870	n/a	MRI_trigger
10605370	n/a	MRI_trigger
10615870	n/a	MRI_trigger
10626370	n/a	MRI_trigger
10636870	n/a	MRI_trigger
10647370	n/a	MRI_trigger
10657870	n/a	MRI_trigger
10668370	n/a	MRI_trigger
10678870	n/a	MRI_trigger
10689370	n/a	MRI_trigger
10699870	n/a	MRI_trigger
10710370	n/a	MRI_trigger
10720870	n/a	MRI_trigger
10731370	n/a	MRI_trigger
10741870	n/a	MRI_trigger
10752370	n/a	MRI_trigger
10762870	n/a	MRI_trigger
10773370	n/a	MRI_trigger
10783870	n/a	MRI_trigger
10794370	n/a	MRI_trigger
10804870	n/a	MRI_trigger
10815370	n/a	MRI_trigger
10825870	n/a	MRI_trigger
10836370	n/a	MRI_trigger
10846870	n/a	MRI_trigger
10857370	n/a	MRI_trigger
10867870	n/a	MRI_trigger
10878370	n/a	MRI_trigger
10888870	n/a	MRI_trigger
10899370	n/a	MRI_trigger
10909870	n/a	MRI_trigger
10920370	n/a	MRI_trigger
10930870	n/a	MRI_trigger
10941370	n/a	MRI_trigger
10951870	n/a	MRI_trigger
10962370	n/a	MRI_trigger
10972870	n/a	MRI_trigger
10983370	n/a	MRI_trigger
10993870	n/a	MRI_trigger
11004370	n/a	MRI_trigger
11014870	n/a	MRI_trigger
11025370	n/a	MRI_trigger
11035870	n/a	MRI_trigger
11046370	n/a	MRI_trigger
11056870	n/a	MRI_trigger
11067370	n/a	MRI_trigger
11077870	n/a	MRI_trigger
11088370	n/a	MRI_trigger
11098870	n/a	MRI_trigger
11109370	n/a	MRI_trigger
11119870	n/a	MRI_trigger
11130370	n/a	MRI_trigger
11140870	n/a	MRI_trigger
11151370	n/a	MRI_trigger
11161870	n/a	MRI_trigger
11172370	n/a	MRI_trigger
11182870	n/a	MRI_trigger
11193370	n/a	MRI_trigger
11203870	n/a	MRI_trigger
11214370	n/a	MRI_trigger
11224870	n/a	MRI_trigger
11235370	n/a	MRI_trigger
11245870	n/a	MRI_trigger
11256370	n/a	MRI_trigger
11266870	n/a	MRI_trigger
11277370	n/a	MRI_trigger
11287870	n/a	MRI_trigger
11298370	n/a	MRI_trigger
11308870	n/a	MRI_trigger
11319370	n/a	MRI_trigger
11329870	n/a	MRI_trigger
11340370	n/a	MRI_trigger
11350870	n/a	MRI_trigger
11361370	n/a	MRI_trigger
11371870	n/a	MRI_trigger
11382370	n/a	MRI_trigger
11392870	n/a	MRI_trigger
11403370	n/a	MRI_trigger
11413870	n/a	MRI_trigger
11424370	n/a	MRI_trigger
11434870	n/a	MRI_trigger
11445370	n/a	MRI_trigger
11455870	n/a	MRI_trigger
11466370	n/a	MRI_trigger
11476870	n/a	MRI_trigger
11487370	n/a	MRI_trigger
11497870	n/a	MRI_trigger
11508370	n/a	MRI_trigger
11518870	n/a	MRI_trigger
11529370	n/a	MRI_trigger
11539870	n/a	MRI_trigger
11550370	n/a	MRI_trigger
11560870	n/a	MRI_trigger
11571370	n/a	MRI_trigger
11581870	n/a	MRI_trigger
11592370	n/a	MRI_trigger
11602870	n/a	MRI_trigger
11613370	n/a	MRI_trigger
11623870	n/a	MRI_trigger
11634370	n/a	MRI_trigger
11644870	n/a	MRI_trigger
11655370	n/a	MRI_trigger
11665870	n/a	MRI_trigger
11676370	n/a	MRI_trigger
11686870	n/a	MRI_trigger
11697370	n/a	MRI_trigger
11707870	n/a	MRI_trigger
11718370	n/a	MRI_trigger
11728870	n/a	MRI_trigger
11739370	n/a	MRI_trigger
11749870	n/a	MRI_trigger
11760370	n/a	MRI_trigger
11770870	n/a	MRI_trigger
11781370	n/a	MRI_trigger
11791870	n/a	MRI_trigger
11802370	n/a	MRI_trigger
11812870	n/a	MRI_trigger
11823370	n/a	MRI_trigger
11833870	n/a	MRI_trigger
11844370	n/a	MRI_trigger
11854870	n/a	MRI_trigger
11865370	n/a	MRI_trigger
11875870	n/a	MRI_trigger
11886370	n/a	MRI_trigger
11896870	n/a	MRI_trigger
11907370	n/a	MRI_trigger
11917870	n/a	MRI_trigger
11928370	n/a	MRI_trigger
11938870	n/a	MRI_trigger
11949370	n/a	MRI_trigger
11959870	n/a	MRI_trigger
11970370	n/a	MRI_trigger
11980870	n/a	MRI_trigger
11991370	n/a	MRI_trigger
12001870	n/a	MRI_trigger
12012370	n/a	MRI_trigger
12022870	n/a	MRI_trigger
12033370	n/a	MRI_trigger
12043870	n/a	MRI_trigger
12054370	n/a	MRI_trigger
12064870	n/a	MRI_trigger
12075370	n/a	MRI_trigger
12085870	n/a	MRI_trigger
12096370	n/a	MRI_trigger
12106870	n/a	MRI_trigger
12117370	n/a	MRI_trigger
12127870	n/a	MRI_trigger
12138370	n/a	MRI_trigger
12148870	n/a	MRI_trigger
12159370	n/a	MRI_trigger
12169870	n/a	MRI_trigger
12180370	n/a	MRI_trigger
12190870	n/a	MRI_trigger
12201370	n/a	MRI_trigger
12211870	n/a	MRI_trigger
12222370	n/a	MRI_trigger
12232870	n/a	MRI_trigger
12243370	n/a	MRI_trigger
12253870	n/a	MRI_trigger
12264370	n/a	MRI_trigger
12274870	n/a	MRI_trigger
12285370	n/a	MRI_trigger
12295870	n/a	MRI_trigger
12306370	n/a	MRI_trigger
12316870	n/a	MRI_trigger
12327370	n/a	MRI_trigger
12337870	n/a	MRI_trigger
12348370	n/a	MRI_trigger
12358870	n/a	MRI_trigger
12369370	n/a	MRI_trigger
12379870	n/a	MRI_trigger
12390370	n/a	MRI_trigger
12400870	n/a	MRI_trigger
12411370	n/a	MRI_trigger
12421870	n/a	MRI_trigger
12432370	n/a	MRI_trigger
12442870	n/a	MRI_trigger
12453370	n/a	MRI_trigger
12463870	n/a	MRI_trigger
12474370	n/a	MRI_trigger
12484870	n/a	MRI_trigger
12495370	n/a	MRI_trigger
12505870	n/a	MRI_trigger
12516370	n/a	MRI_trigger
12526870	n/a	MRI_trigger
12537370	n/a	MRI_trigger
12547870	n/a	MRI_trigger
12558370	n/a	MRI_trigger
12568870	n/a	MRI_trigger
12579370	n/a	MRI_trigger
12589870	n/a	MRI_trigger
12600370	n/a	MRI_trigger
12610870	n/a	MRI_trigger
12621370	n/a	MRI_trigger
12631870	n/a	MRI_trigger
12642370	n/a	MRI_trigger
12652870	n/a	MRI_trigger
12663370	n/a	MRI_trigger
12673870	n/a	MRI_trigger
12684370	n/a	MRI_trigger
12694870	n/a	MRI_trigger
12705370	n/a	MRI_trigger
12715870	n/a	MRI_trigger
12726370	n/a	MRI_trigger
12736870	n/a	MRI_trigger
12747370	n/a	MRI_trigger
12757870	n/a	MRI_trigger
12768370	n/a	MRI_trigger
12778870	n/a	MRI_trigger
12789370	n/a	MRI_trigger
12799870	n/a	MRI_trigger
12810370	n/a	MRI_trigger
12820870	n/a	MRI_trigger
12831370	n/a	MRI_trigger
12841870	n/a	MRI_trigger
12852370	n/a	MRI_trigger
12862870	n/a	MRI_trigger
12873370	n/a	MRI_trigger
12883870	n/a	MRI_trigger
12894370	n/a	MRI_trigger
12904870	n/a	MRI_trigger
12915370	n/a	MRI_trigger
12925870	n/a	MRI_trigger
12936370	n/a	MRI_trigger
12946870	n/a	MRI_trigger
12957370	n/a	MRI_trigger
12967870	n/a	MRI_trigger
12978370	n/a	MRI_trigger
12988870	n/a	MRI_trigger
12999370	n/a	MRI_trigger
13009870	n/a	MRI_trigger
13020370	n/a	MRI_trigger
13030870	n/a	MRI_trigger
13041370	n/a	MRI_trigger
13051870	n/a	MRI_trigger
13062370	n/a	MRI_trigger
13072870	n/a	MRI_trigger
13083370	n/a	MRI_trigger
13093870	n/a	MRI_trigger
13104370	n/a	MRI_trigger
13114870	n/a	MRI_trigger
13125370	n/a	MRI_trigger
13135870	n/a	MRI_trigger
13146370	n/a	MRI_trigger
13156870	n/a	MRI_trigger
13167370	n/a	MRI_trigger
13177870	n/a	MRI_trigger
13188370	n/a	MRI_trigger
13198870	n/a	MRI_trigger
13209370	n/a	MRI_trigger
13219870	n/a	MRI_trigger
13230370	n/a	MRI_trigger
13240870	n/a	MRI_trigger
13251370	n/a	MRI_trigger
13261870	n/a	MRI_trigger
13272370	n/a	MRI_trigger
13282870	n/a	MRI_trigger
13293370	n/a	MRI_trigger
13303870	n/a	MRI_trigger
13314370	n/a	MRI_trigger
13324870	n/a	MRI_trigger
13335370	n/a	MRI_trigger
13345870	n/a	MRI_trigger
13356370	n/a	MRI_trigger
13366870	n/a	MRI_trigger
13377370	n/a	MRI_trigger
13387870	n/a	MRI_trigger
13398370	n/a	MRI_trigger
13408870	n/a	MRI_trigger
13419370	n/a	MRI_trigger
13429870	n/a	MRI_trigger
13440370	n/a	MRI_trigger
13450870	n/a	MRI_trigger
13461370	n/a	MRI_trigger
13471870	n/a	MRI_trigger
13482370	n/a	MRI_trigger
13492870	n/a	MRI_trigger
13503370	n/a	MRI_trigger
13513870	n/a	MRI_trigger
13524370	n/a	MRI_trigger
13534870	n/a	MRI_trigger
13545370	n/a	MRI_trigger
13555870	n/a	MRI_trigger
13566370	n/a	MRI_trigger
13576870	n/a	MRI_trigger
13587370	n/a	MRI_trigger
13597870	n/a	MRI_trigger
13608370	n/a	MRI_trigger
13618870	n/a	MRI_trigger
13629370	n/a	MRI_trigger
13639870	n/a	MRI_trigger
13650370	n/a	MRI_trigger
13660870	n/a	MRI_trigger
13671370	n/a	MRI_trigger
13681870	n/a	MRI_trigger
13692370	n/a	MRI_trigger
13702870	n/a	MRI_trigger
13713370	n/a	MRI_trigger
13723870	n/a	MRI_trigger
13734370	n/a	MRI_trigger
13744870	n/a	MRI_trigger
13755370	n/a	MRI_trigger
13765870	n/a	MRI_trigger
13776370	n/a	MRI_trigger
13786870	n/a	MRI_trigger
13797370	n/a	MRI_trigger
13807870	n/a	MRI_trigger
13818370	n/a	MRI_trigger
13828870	n/a	MRI_trigger
13839370	n/a	MRI_trigger
13849870	n/a	MRI_trigger
13860370	n/a	MRI_trigger
13870870	n/a	MRI_trigger
13881370	n/a	MRI_trigger
13891870	n/a	MRI_trigger
13902370	n/a	MRI_trigger
13912870	n/a	MRI_trigger
13923370	n/a	MRI_trigger
13933870	n/a	MRI_trigger
13944370	n/a	MRI_trigger
13954870	n/a	MRI_trigger
13965370	n/a	MRI_trigger
13975870	n/a	MRI_trigger
13986370	n/a	MRI_trigger
13996870	n/a	MRI_trigger
14007370	n/a	MRI_trigger
14017870	n/a	MRI_trigger
14028370	n/a	MRI_trigger
14038870	n/a	MRI_trigger
14049370	n/a	MRI_trigger
14059870	n/a	MRI_trigger
14070370	n/a	MRI_trigger
14080870	n/a	MRI_trigger
14091370	n/a	MRI_trigger
14101870	n/a	MRI_trigger
14112370	n/a	MRI_trigger
14122870	n/a	MRI_trigger
14133370	n/a	MRI_trigger
14143870	n/a	MRI_trigger
14154370	n/a	MRI_trigger
14164870	n/a	MRI_trigger
14175370	n/a	MRI_trigger
14185870	n/a	MRI_trigger
14196370	n/a	MRI_trigger
14206870	n/a	MRI_trigger
14217370	n/a	MRI_trigger
14227870	n/a	MRI_trigger
14238370	n/a	MRI_trigger
14248870	n/a	MRI_trigger
14259370	n/a	MRI_trigger
14269870	n/a	MRI_trigger
14280370	n/a	MRI_trigger
14290870	n/a	MRI_trigger
14301370	n/a	MRI_trigger
14311870	n/a	MRI_trigger
14322370	n/a	MRI_trigger
14332870	n/a	MRI_trigger
14343370	n/a	MRI_trigger
14353870	n/a	MRI_trigger
14364370	n/a	MRI_trigger
14374870	n/a	MRI_trigger
14385370	n/a	MRI_trigger
14395870	n/a	MRI_trigger
14406370	n/a	MRI_trigger
14416870	n/a	MRI_trigger
14427370	n/a	MRI_trigger
14437870	n/a	MRI_trigger
14448370	n/a	MRI_trigger
14458870	n/a	MRI_trigger
14469370	n/a	MRI_trigger
14479870	n/a	MRI_trigger
14490370	n/a	MRI_trigger
14500870	n/a	MRI_trigger
14511370	n/a	MRI_trigger
14521870	n/a	MRI_trigger
14532370	n/a	MRI_trigger
14542870	n/a	MRI_trigger
14553370	n/a	MRI_trigger
14563870	n/a	MRI_trigger
14574370	n/a	MRI_trigger
14584870	n/a	MRI_trigger
14595370	n/a	MRI_trigger
14605870	n/a	MRI_trigger
14616370	n/a	MRI_trigger
14626870	n/a	MRI_trigger
14637370	n/a	MRI_trigger
14647870	n/a	MRI_trigger
14658370	n/a	MRI_trigger
14668870	n/a	MRI_trigger
14679370	n/a	MRI_trigger
14689870	n/a	MRI_trigger
14700370	n/a	MRI_trigger
14710870	n/a	MRI_trigger
14721370	n/a	MRI_trigger
14731870	n/a	MRI_trigger
14742370	n/a	MRI_trigger
14752870	n/a	MRI_trigger
14763370	n/a	MRI_trigger
14773870	n/a	MRI_trigger
14784370	n/a	MRI_trigger
14794870	n/a	MRI_trigger
14805370	n/a	MRI_trigger
14815870	n/a	MRI_trigger
14826370	n/a	MRI_trigger
14836870	n/a	MRI_trigger
14847370	n/a	MRI_trigger
14857870	n/a	MRI_trigger
14868370	n/a	MRI_trigger
14878870	n/a	MRI_trigger
14889370	n/a	MRI_trigger
14899870	n/a	MRI_trigger
14910370	n/a	MRI_trigger
14920870	n/a	MRI_trigger
14931370	n/a	MRI_trigger
14941870	n/a	MRI_trigger
14952370	n/a	MRI_trigger
14962870	n/a	MRI_trigger
14973370	n/a	MRI_trigger
14983870	n/a	MRI_trigger
14994370	n/a	MRI_trigger
15004870	n/a	MRI_trigger
15015370	n/a	MRI_trigger
15025870	n/a	MRI_trigger
15036370	n/a	MRI_trigger
15046870	n/a	MRI_trigger
15057370	n/a	MRI_trigger
15067870	n/a	MRI_trigger
15078370	n/a	MRI_trigger
15088870	n/a	MRI_trigger
15099370	n/a	MRI_trigger
15109870	n/a	MRI_trigger
15120370	n/a	MRI_trigger
15130870	n/a	MRI_trigger
15141370	n/a	MRI_trigger
15151870	n/a	MRI_trigger
15162370	n/a	MRI_trigger
15172870	n/a	MRI_trigger
15183370	n/a	MRI_trigger
15193870	n/a	MRI_trigger
15204370	n/a	MRI_trigger
15214870	n/a	MRI_trigger
15225370	n/a	MRI_trigger
15235870	n/a	MRI_trigger
15246370	n/a	MRI_trigger
15256870	n/a	MRI_trigger
15267370	n/a	MRI_trigger
15277870	n/a	MRI_trigger
15288370	n/a	MRI_trigger
15298870	n/a	MRI_trigger
15309370	n/a	MRI_trigger
15319870	n/a	MRI_trigger
15330370	n/a	MRI_trigger
15340870	n/a	MRI_trigger
15351370	n/a	MRI_trigger
15361870	n/a	MRI_trigger
15372370	n/a	MRI_trigger
15382870	n/a	MRI_trigger
15393370	n/a	MRI_trigger
15403870	n/a	MRI_trigger
15414370	n/a	MRI_trigger
15424870	n/a	MRI_trigger
15435370	n/a	MRI_trigger
15445870	n/a	MRI_trigger
15456370	n/a	MRI_trigger
15466870	n/a	MRI_trigger
15477370	n/a	MRI_trigger
15487870	n/a	MRI_trigger
15498370	n/a	MRI_trigger
15508870	n/a	MRI_trigger
15519370	n/a	MRI_trigger
15529870	n/a	MRI_trigger
15540370	n/a	MRI_trigger
15550870	n/a	MRI_trigger
15561370	n/a	MRI_trigger
15571870	n/a	MRI_trigger
15582370	n/a	MRI_trigger
15592870	n/a	MRI_trigger
15603370	n/a	MRI_trigger
15613870	n/a	MRI_trigger
15624370	n/a	MRI_trigger
15634870	n/a	MRI_trigger
15645370	n/a	MRI_trigger
15655870	n/a	MRI_trigger
15666370	n/a	MRI_trigger
15676870	n/a	MRI_trigger
15687370	n/a	MRI_trigger
15697870	n/a	MRI_trigger
15708370	n/a	MRI_trigger
15718870	n/a	MRI_trigger
15729370	n/a	MRI_trigger
15739870	n/a	MRI_trigger
15750370	n/a	MRI_trigger
15760870	n/a	MRI_trigger
15771370	n/a	MRI_trigger
15781870	n/a	MRI_trigger
15792370	n/a	MRI_trigger
15802870	n/a	MRI_trigger
15813370	n/a	MRI_trigger
15823870	n/a	MRI_trigger
15834370	n/a	MRI_trigger
15844870	n/a	MRI_trigger
15855370	n/a	MRI_trigger
15865870	n/a	MRI_trigger
15876370	n/a	MRI_trigger
15886870	n/a	MRI_trigger
15897370	n/a	MRI_trigger
15907870	n/a	MRI_trigger
15918370	n/a	MRI_trigger
15928870	n/a	MRI_trigger
15939370	n/a	MRI_trigger
15949870	n/a	MRI_trigger
15960370	n/a	MRI_trigger
15970870	n/a	MRI_trigger
15981370	n/a	MRI_trigger
15991870	n/a	MRI_trigger
16002370	n/a	MRI_trigger
16012870	n/a	MRI_trigger
16023370	n/a	MRI_trigger
16033870	n/a	MRI_trigger
16044370	n/a	MRI_trigger
16054870	n/a	MRI_trigger
16065370	n/a	MRI_trigger
16075870	n/a	MRI_trigger
16086370	n/a	MRI_trigger
16096870	n/a	MRI_trigger
16107370	n/a	MRI_trigger
16117870	n/a	MRI_trigger
16128370	n/a	MRI_trigger
16138870	n/a	MRI_trigger
16149370	n/a	MRI_trigger
16159870	n/a	MRI_trigger
16170370	n/a	MRI_trigger
16180870	n/a	MRI_trigger
16191370	n/a	MRI_trigger
16201870	n/a	MRI_trigger
16212370	n/a	MRI_trigger
16222870	n/a	MRI_trigger
16233370	n/a	MRI_trigger
16243870	n/a	MRI_trigger
16254370	n/a	MRI_trigger
16264870	n/a	MRI_trigger
16275370	n/a	MRI_trigger
16285870	n/a	MRI_trigger
16296370	n/a	MRI_trigger
16306870	n/a	MRI_trigger
16317370	n/a	MRI_trigger
16327870	n/a	MRI_trigger
16338370	n/a	MRI_trigger
16348870	n/a	MRI_trigger
16359370	n/a	MRI_trigger
16369870	n/a	MRI_trigger
16380370	n/a	MRI_trigger
16390870	n/a	MRI_trigger
16401370	n/a	MRI_trigger
16411870	n/a	MRI_trigger
16422370	n/a	MRI_trigger
16432870	n/a	MRI_trigger
16443370	n/a	MRI_trigger
16453870	n/a	MRI_trigger
16464370	n/a	MRI_trigger
16474870	n/a	MRI_trigger
16485370	n/a	MRI_trigger
16495870	n/a	MRI_trigger
16506370	n/a	MRI_trigger
16516870	n/a	MRI_trigger
16527370	n/a	MRI_trigger
16537870	n/a	MRI_trigger
16548370	n/a	MRI_trigger
16558870	n/a	MRI_trigger
16569370	n/a	MRI_trigger
16579870	n/a	MRI_trigger
16590370	n/a	MRI_trigger
16600870	n/a	MRI_trigger
16611370	n/a	MRI_trigger
16621870	n/a	MRI_trigger
16632370	n/a	MRI_trigger
16642870	n/a	MRI_trigger
16653370	n/a	MRI_trigger
16663870	n/a	MRI_trigger
16674370	n/a	MRI_trigger
16684870	n/a	MRI_trigger
16695370	n/a	MRI_trigger
16705870	n/a	MRI_trigger
16716370	n/a	MRI_trigger
16726870	n/a	MRI_trigger
16737370	n/a	MRI_trigger
16747870	n/a	MRI_trigger
16758370	n/a	MRI_trigger
16768870	n/a	MRI_trigger
16779370	n/a	MRI_trigger
16789870	n/a	MRI_trigger
16800370	n/a	MRI_trigger
16810870	n/a	MRI_trigger
16821370	n/a	MRI_trigger
16831870	n/a	MRI_trigger
16842370	n/a	MRI_trigger
16852870	n/a	MRI_trigger
16863370	n/a	MRI_trigger
16873870	n/a	MRI_trigger
16884370	n/a	MRI_trigger
16894870	n/a	MRI_trigger
16905370	n/a	MRI_trigger
16915870	n/a	MRI_trigger
16926370	n/a	MRI_trigger
16936870	n/a	MRI_trigger
16947370	n/a	MRI_trigger
16957870	n/a	MRI_trigger
16968370	n/a	MRI_trigger
16978870	n/a	MRI_trigger
16989370	n/a	MRI_trigger
16999870	n/a	MRI_trigger
17010370	n/a	MRI_trigger
17020870	n/a	MRI_trigger
17031370	n/a	MRI_trigger
17041870	n/a	MRI_trigger
17052370	n/a	MRI_trigger
17062870	n/a	MRI_trigger
17073370	n/a	MRI_trigger
17083870	n/a	MRI_trigger
17094370	n/a	MRI_trigger
17104870	n/a	MRI_trigger
17115370	n/a	MRI_trigger
17125870	n/a	MRI_trigger
17136370	n/a	MRI_trigger
17146870	n/a	MRI_trigger
17157370	n/a	MRI_trigger
17167870	n/a	MRI_trigger
17178370	n/a	MRI_trigger
17188870	n/a	MRI_trigger
17199370	n/a	MRI_trigger
17209870	n/a	MRI_trigger
17220370	n/a	MRI_trigger
17230870	n/a	MRI_trigger
17241370	n/a	MRI_trigger
17251870	n/a	MRI_trigger
17262370	n/a	MRI_trigger
17272870	n/a	MRI_trigger
17283370	n/a	MRI_trigger
17293870	n/a	MRI_trigger
17304370	n/a	MRI_trigger
17314870	n/a	MRI_trigger
17325370	n/a	MRI_trigger
17335870	n/a	MRI_trigger
17346370	n/a	MRI_trigger
17356870	n/a	MRI_trigger
17367370	n/a	MRI_trigger
17377870	n/a	MRI_trigger
17388370	n/a	MRI_trigger
17398870	n/a	MRI_trigger
17409370	n/a	MRI_trigger
17419870	n/a	MRI_trigger
17430370	n/a	MRI_trigger
17440870	n/a	MRI_trigger
17451370	n/a	MRI_trigger
17461870	n/a	MRI_trigger
17472370	n/a	MRI_trigger
17482870	n/a	MRI_trigger
17493370	n/a	MRI_trigger
17503870	n/a	MRI_trigger
17514370	n/a	MRI_trigger
17524870	n/a	MRI_trigger
17535370	n/a	MRI_trigger
17545870	n/a	MRI_trigger
17556370	n/a	MRI_trigger
17566870	n/a	MRI_trigger
17577370	n/a	MRI_trigger
17587870	n/a	MRI_trigger
17598370	n/a	MRI_trigger
17608870	n/a	MRI_trigger
17619370	n/a	MRI_trigger
17629870	n/a	MRI_trigger
17640370	n/a	MRI_trigger
17650870	n/a	MRI_trigger
17661370	n/a	MRI_trigger
17671870	n/a	MRI_trigger
17682370	n/a	MRI_trigger
17692870	n/a	MRI_trigger
17703370	n/a	MRI_trigger
17713870	n/a	MRI_trigger
17724370	n/a	MRI_trigger
17734870	n/a	MRI_trigger
17745370	n/a	MRI_trigger
17755870	n/a	MRI_trigger
17766370	n/a	MRI_trigger
17776870	n/a	MRI_trigger
17787370	n/a	MRI_trigger
17797870	n/a	MRI_trigger
17808370	n/a	MRI_trigger
17818870	n/a	MRI_trigger
17829370	n/a	MRI_trigger
17839870	n/a	MRI_trigger
17850370	n/a	MRI_trigger
17860870	n/a	MRI_trigger
17871370	n/a	MRI_trigger
17881870	n/a	MRI_trigger
17892370	n/a	MRI_trigger
17902870	n/a	MRI_trigger
17913370	n/a	MRI_trigger
17923870	n/a	MRI_trigger
17934370	n/a	MRI_trigger
17944870	n/a	MRI_trigger
17955370	n/a	MRI_trigger
17965870	n/a	MRI_trigger
17976370	n/a	MRI_trigger
17986870	n/a	MRI_trigger
17997370	n/a	MRI_trigger
18007870	n/a	MRI_trigger
18018370	n/a	MRI_trigger
18028870	n/a	MRI_trigger
18039370	n/a	MRI_trigger
18049870	n/a	MRI_trigger
18060370	n/a	MRI_trigger
18070870	n/a	MRI_trigger
18081370	n/a	MRI_trigger
18091870	n/a	MRI_trigger
18102370	n/a	MRI_trigger
18112870	n/a	MRI_trigger
18123370	n/a	MRI_trigger
18133870	n/a	MRI_trigger
18144370	n/a	MRI_trigger
18154870	n/a	MRI_trigger
18165370	n/a	MRI_trigger
18175870	n/a	MRI_trigger
18186370	n/a	MRI_trigger
18196870	n/a	MRI_trigger
18207370	n/a	MRI_trigger
18217870	n/a	MRI_trigger
18228370	n/a	MRI_trigger
18238870	n/a	MRI_trigger
18249370	n/a	MRI_trigger
18259870	n/a	MRI_trigger
18270370	n/a	MRI_trigger
18280870	n/a	MRI_trigger
18291370	n/a	MRI_trigger
18301870	n/a	MRI_trigger
18312370	n/a	MRI_trigger
18322870	n/a	MRI_trigger
18333370	n/a	MRI_trigger
18343870	n/a	MRI_trigger
18354370	n/a	MRI_trigger
18364870	n/a	MRI_trigger
18375370	n/a	MRI_trigger
18385870	n/a	MRI_trigger
18396370	n/a	MRI_trigger
18406870	n/a	MRI_trigger
18417370	n/a	MRI_trigger
18427870	n/a	MRI_trigger
18438370	n/a	MRI_trigger
18448870	n/a	MRI_trigger
18459370	n/a	MRI_trigger
18469870	n/a	MRI_trigger
18480370	n/a	MRI_trigger
18490870	n/a	MRI_trigger
18501370	n/a	MRI_trigger
18511870	n/a	MRI_trigger
18522370	n/a	MRI_trigger
18532870	n/a	MRI_trigger
18543370	n/a	MRI_trigger
18553870	n/a	MRI_trigger
18564370	n/a	MRI_trigger
18574870	n/a	MRI_trigger
18585370	n/a	MRI_trigger
18595870	n/a	MRI_trigger
18606370	n/a	MRI_trigger
18616870	n/a	MRI_trigger
18627370	n/a	MRI_trigger
18637870	n/a	MRI_trigger
18648370	n/a	MRI_trigger
18658870	n/a	MRI_trigger
18669370	n/a	MRI_trigger
18679870	n/a	MRI_trigger
18690370	n/a	MRI_trigger
18700870	n/a	MRI_trigger
18711370	n/a	MRI_trigger
18721870	n/a	MRI_trigger
18732370	n/a	MRI_trigger
18742870	n/a	MRI_trigger
18753370	n/a	MRI_trigger
18763870	n/a	MRI_trigger
18774370	n/a	MRI_trigger
18784870	n/a	MRI_trigger
18795370	n/a	MRI_trigger
18805870	n/a	MRI_trigger
18816370	n/a	MRI_trigger
18826870	n/a	MRI_trigger
18837370	n/a	MRI_trigger
18847870	n/a	MRI_trigger
18858370	n/a	MRI_trigger
18868870	n/a	MRI_trigger
18879370	n/a	MRI_trigger
18889870	n/a	MRI_trigger
18900370	n/a	MRI_trigger
18910870	n/a	MRI_trigger
18921370	n/a	MRI_trigger
18931870	n/a	MRI_trigger
18942370	n/a	MRI_trigger
18952870	n/a	MRI_trigger
18963370	n/a	MRI_trigger
18973870	n/a	MRI_trigger
18984370	n/a	MRI_trigger
18994870	n/a	MRI_trigger
19005370	n/a	MRI_trigger
19015870	n/a	MRI_trigger
19026370	n/a	MRI_trigger
19036870	n/a	MRI_trigger
19047370	n/a	MRI_trigger
19057870	n/a	MRI_trigger
19068370	n/a	MRI_trigger
19078870	n/a	MRI_trigger
19089370	n/a	MRI_trigger
19099870	n/a	MRI_trigger
19110370	n/a	MRI_trigger
19120870	n/a	MRI_trigger
19131370	n/a	MRI_trigger
19141870	n/a	MRI_trigger
19152370	n/a	MRI_trigger
19162870	n/a	MRI_trigger
19173370	n/a	MRI_trigger
19183870	n/a	MRI_trigger
19194370	n/a	MRI_trigger
19204870	n/a	MRI_trigger
19215370	n/a	MRI_trigger
19225870	n/a	MRI_trigger
19236370	n/a	MRI_trigger
19246870	n/a	MRI_trigger
19257370	n/a	MRI_trigger
19267870	n/a	MRI_trigger
19278370	n/a	MRI_trigger
19288870	n/a	MRI_trigger
19299370	n/a	MRI_trigger
19309870	n/a	MRI_trigger
19320370	n/a	MRI_trigger
19330870	n/a	MRI_trigger
19341370	n/a	MRI_trigger
19351870	n/a	MRI_trigger
19362370	n/a	MRI_trigger
19372870	n/a	MRI_trigger
19383370	n/a	MRI_trigger
19393870	n/a	MRI_trigger
19404370	n/a	MRI_trigger
19414870	n/a	MRI_trigger
19425370	n/a	MRI_trigger
19435870	n/a	MRI_trigger
19446370	n/a	MRI_trigger
19456870	n/a	MRI_trigger
19467370	n/a	MRI_trigger
19477870	n/a	MRI_trigger
19488370	n/a	MRI_trigger
19498870	n/a	MRI_trigger
19509370	n/a	MRI_trigger
19519870	n/a	MRI_trigger
19530370	n/a	MRI_trigger
19540870	n/a	MRI_trigger
19551370	n/a	MRI_trigger
19561870	n/a	MRI_trigger
19572370	n/a	MRI_trigger
19582870	n/a	MRI_trigger
19593370	n/a	MRI_trigger
19603870	n/a	MRI_trigger
19614370	n/a	MRI_trigger
19624870	n/a	MRI_trigger
19635370	n/a	MRI_trigger
19645870	n/a	MRI_trigger
19656370	n/a	MRI_trigger
19666870	n/a	MRI_trigger
19677370	n/a	MRI_trigger
19687870	n/a	MRI_trigger
19698370	n/a	MRI_trigger
19708870	n/a	MRI_trigger
19719370	n/a	MRI_trigger
19729870	n/a	MRI_trigger
19740370	n/a	MRI_trigger
19750870	n/a	MRI_trigger
19761370	n/a	MRI_trigger
19771870	n/a	MRI_trigger
19782370	n/a	MRI_trigger
19792870	n/a	MRI_trigger
19803370	n/a	MRI_trigger
19813870	n/a	MRI_trigger
19824370	n/a	MRI_trigger
19834870	n/a	MRI_trigger
19845370	n/a	MRI_trigger
19855870	n/a	MRI_trigger
19866370	n/a	MRI_trigger
19876870	n/a	MRI_trigger
19887370	n/a	MRI_trigger
19897870	n/a	MRI_trigger
19908370	n/a	MRI_trigger
19918870	n/a	MRI_trigger
19929370	n/a	MRI_trigger
19939870	n/a	MRI_trigger
19950370	n/a	MRI_trigger
19960870	n/a	MRI_trigger
19971370	n/a	MRI_trigger
19981870	n/a	MRI_trigger
19992370	n/a	MRI_trigger
20002870	n/a	MRI_trigger
20013370	n/a	MRI_trigger
20023870	n/a	MRI_trigger
20034370	n/a	MRI_trigger
20044870	n/a	MRI_trigger
20055370	n/a	MRI_trigger
20065870	n/a	MRI_trigger
20076370	n/a	MRI_trigger
20086870	n/a	MRI_trigger
20097370	n/a	MRI_trigger
20107870	n/a	MRI_trigger
20118370	n/a	MRI_trigger
20128870	n/a	MRI_trigger
20139370	n/a	MRI_trigger
20149870	n/a	MRI_trigger
20160370	n/a	MRI_trigger
20170870	n/a	MRI_trigger
20181370	n/a	MRI_trigger
20191870	n/a	MRI_trigger
20202370	n/a	MRI_trigger
20212870	n/a	MRI_trigger
20223370	n/a	MRI_trigger
20233870	n/a	MRI_trigger
20244370	n/a	MRI_trigger
20254870	n/a	MRI_trigger
20265370	n/a	MRI_trigger
20275870	n/a	MRI_trigger
20286370	n/a	MRI_trigger
20296870	n/a	MRI_trigger
20307370	n/a	MRI_trigger
20317870	n/a	MRI_trigger
20328370	n/a	MRI_trigger
20338870	n/a	MRI_trigger
20349370	n/a	MRI_trigger
20359870	n/a	MRI_trigger
20370370	n/a	MRI_trigger
20380870	n/a	MRI_trigger
20391370	n/a	MRI_trigger
20401870	n/a	MRI_trigger
20412370	n/a	MRI_trigger
20422870	n/a	MRI_trigger
20433370	n/a	MRI_trigger
20443870	n/a	MRI_trigger
20454370	n/a	MRI_trigger
20464870	n/a	MRI_trigger
20475370	n/a	MRI_trigger
20485870	n/a	MRI_trigger
20496370	n/a	MRI_trigger
20506870	n/a	MRI_trigger
20517370	n/a	MRI_trigger
20527870	n/a	MRI_trigger
20538370	n/a	MRI_trigger
20548870	n/a	MRI_trigger
20559370	n/a	MRI_trigger
20569870	n/a	MRI_trigger
20580370	n/a	MRI_trigger
20590870	n/a	MRI_trigger
20601370	n/a	MRI_trigger
20611870	n/a	MRI_trigger
20622370	n/a	MRI_trigger
20632870	n/a	MRI_trigger
20643370	n/a	MRI_trigger
20653870	n/a	MRI_trigger
20664370	n/a	MRI_trigger
20674870	n/a	MRI_trigger
20685370	n/a	MRI_trigger
20695870	n/a	MRI_trigger
20706370	n/a	MRI_trigger
20716870	n/a	MRI_trigger
20727370	n/a	MRI_trigger
20737870	n/a	MRI_trigger
20748370	n/a	MRI_trigger
20758870	n/a	MRI_trigger
20769370	n/a	MRI_trigger
20779870	n/a	MRI_trigger
20790370	n/a	MRI_trigger
20800870	n/a	MRI_trigger
20811370	n/a	MRI_trigger
20821870	n/a	MRI_trigger
20832370	n/a	MRI_trigger
20842870	n/a	MRI_trigger
20853370	n/a	MRI_trigger
20863870	n/a	MRI_trigger
20874370	n/a	MRI_trigger
20884870	n/a	MRI_trigger
20895370	n/a	MRI_trigger
20905870	n/a	MRI_trigger
20916370	n/a	MRI_trigger
20926870	n/a	MRI_trigger
20937370	n/a	MRI_trigger
20947870	n/a	MRI_trigger
20958370	n/a	MRI_trigger
20968870	n/a	MRI_trigger
20979370	n/a	MRI_trigger
20989870	n/a	MRI_trigger
21000370	n/a	MRI_trigger
21010870	n/a	MRI_trigger
21021370	n/a	MRI_trigger
21031870	n/a	MRI_trigger
21042370	n/a	MRI_trigger
21052870	n/a	MRI_trigger
21063370	n/a	MRI_trigger
21073870	n/a	MRI_trigger
21084370	n/a	MRI_trigger
21094870	n/a	MRI_trigger
21105370	n/a	MRI_trigger
21115870	n/a	MRI_trigger
21126370	n/a	MRI_trigger
21136870	n/a	MRI_trigger
21147370	n/a	MRI_trigger
21157870	n/a	MRI_trigger
21168370	n/a	MRI_trigger
21178870	n/a	MRI_trigger
21189370	n/a	MRI_trigger
21199870	n/a	MRI_trigger
21210370	n/a	MRI_trigger
21220870	n/a	MRI_trigger
21231370	n/a	MRI_trigger
21241870	n/a	MRI_trigger
21252370	n/a	MRI_trigger
21262870	n/a	MRI_trigger
21273370	n/a	MRI_trigger
21283870	n/a	MRI_trigger
21294370	n/a	MRI_trigger
21304870	n/a	MRI_trigger
21315370	n/a	MRI_trigger
21325870	n/a	MRI_trigger
21336370	n/a	MRI_trigger
21346870	n/a	MRI_trigger
21357370	n/a	MRI_trigger
21367870	n/a	MRI_trigger
21378370	n/a	MRI_trigger
21388870	n/a	MRI_trigger
21399370	n/a	MRI_trigger
21409870	n/a	MRI_trigger
21420370	n/a	MRI_trigger
21430870	n/a	MRI_trigger
21441370	n/a	MRI_trigger
21451870	n/a	MRI_trigger
21462370	n/a	MRI_trigger
21472870	n/a	MRI_trigger
21483370	n/a	MRI_trigger
21493870	n/a	MRI_trigger
21504370	n/a	MRI_trigger
21514870	n/a	MRI_trigger
21525370	n/a	MRI_trigger
21535870	n/a	MRI_trigger
21546370	n/a	MRI_trigger
21556870	n/a	MRI_trigger
21567370	n/a	MRI_trigger
21577870	n/a	MRI_trigger
21588370	n/a	MRI_trigger
21598870	n/a	MRI_trigger
21609370	n/a	MRI_trigger
21619870	n/a	MRI_trigger
21630370	n/a	MRI_trigger
21640870	n/a	MRI_trigger
21651370	n/a	MRI_trigger
21661870	n/a	MRI_trigger
21672370	n/a	MRI_trigger
21682870	n/a	MRI_trigger
21693370	n/a	MRI_trigger
21703870	n/a	MRI_trigger
21714370	n/a	MRI_trigger
21724870	n/a	MRI_trigger
21735370	n/a	MRI_trigger
21745870	n/a	MRI_trigger
21756370	n/a	MRI_trigger
21766870	n/a	MRI_trigger
21777370	n/a	MRI_trigger
21787870	n/a	MRI_trigger
21798370	n/a	MRI_trigger
21808870	n/a	MRI_trigger
21819370	n/a	MRI_trigger
21829870	n/a	MRI_trigger
21840370	n/a	MRI_trigger
21850870	n/a	MRI_trigger
21861370	n/a	MRI_trigger
21871870	n/a	MRI_trigger
21882370	n/a	MRI_trigger
21892870	n/a	MRI_trigger
21903370	n/a	MRI_trigger
21913870	n/a	MRI_trigger
21924370	n/a	MRI_trigger
21934870	n/a	MRI_trigger
21945370	n/a	MRI_trigger
21955870	n/a	MRI_trigger
21966370	n/a	MRI_trigger
21976870	n/a	MRI_trigger
21987370	n/a	MRI_trigger
21997870	n/a	MRI_trigger
22008370	n/a	MRI_trigger
22018870	n/a	MRI_trigger
22029370	n/a	MRI_trigger
22039870	n/a	MRI_trigger
22050370	n/a	MRI_trigger
22060870	n/a	MRI_trigger
22071370	n/a	MRI_trigger
22081870	n/a	MRI_trigger
22092370	n/a	MRI_trigger
22102870	n/a	MRI_trigger
22113370	n/a	MRI_trigger
22123870	n/a	MRI_trigger
22134370	n/a	MRI_trigger
22144870	n/a	MRI_trigger
22155370	n/a	MRI_trigger
22165870	n/a	MRI_trigger
22176370	n/a	MRI_trigger
22186870	n/a	MRI_trigger
22197370	n/a	MRI_trigger
22207870	n/a	MRI_trigger
22218370	n/a	MRI_trigger
22228870	n/a	MRI_trigger
22239370	n/a	MRI_trigger
22249870	n/a	MRI_trigger
22260370	n/a	MRI_trigger
22270870	n/a	MRI_trigger
22281370	n/a	MRI_trigger
22291870	n/a	MRI_trigger
22302370	n/a	MRI_trigger
22312870	n/a	MRI_trigger
22323370	n/a	MRI_trigger
22333870	n/a	MRI_trigger
22344370	n/a	MRI_trigger
22354870	n/a	MRI_trigger
22365370	n/a	MRI_trigger
22375870	n/a	MRI_trigger
22386370	n/a	MRI_trigger
22396870	n/a	MRI_trigger
22407370	n/a	MRI_trigger
22417870	n/a	MRI_trigger
22428370	n/a	MRI_trigger
22438870	n/a	MRI_trigger
22449370	n/a	MRI_trigger
22459870	n/a	MRI_trigger
22470370	n/a	MRI_trigger
22480870	n/a	MRI_trigger
22491370	n/a	MRI_trigger
22501870	n/a	MRI_trigger
22512370	n/a	MRI_trigger
22522870	n/a	MRI_trigger
22533370	n/a	MRI_trigger
22543870	n/a	MRI_trigger
22554370	n/a	MRI_trigger
22564870	n/a	MRI_trigger
22575370	n/a	MRI_trigger
22585870	n/a	MRI_trigger
22596370	n/a	MRI_trigger
22606870	n/a	MRI_trigger
22617370	n/a	MRI_trigger
22627870	n/a	MRI_trigger
22638370	n/a	MRI_trigger
22648870	n/a	MRI_trigger
22659370	n/a	MRI_trigger
22669870	n/a	MRI_trigger
22680370	n/a	MRI_trigger
22690870	n/a	MRI_trigger
22701370	n/a	MRI_trigger
22711870	n/a	MRI_trigger
22722370	n/a	MRI_trigger
22732870	n/a	MRI_trigger
22743370	n/a	MRI_trigger
22753870	n/a	MRI_trigger
22764370	n/a	MRI_trigger
22774870	n/a	MRI_trigger
22785370	n/a	MRI_trigger
22795870	n/a	MRI_trigger
22806370	n/a	MRI_trigger
22816870	n/a	MRI_trigger
22827370	n/a	MRI_trigger
22837870	n/a	MRI_trigger
22848370	n/a	MRI_trigger
22858870	n/a	MRI_trigger
22869370	n/a	MRI_trigger
22879870	n/a	MRI_trigger
22890370	n/a	MRI_trigger
22900870	n/a	MRI_trigger
22911370	n/a	MRI_trigger
22921870	n/a	MRI_trigger
22932370	n/a	MRI_trigger
22942870	n/a	MRI_trigger
22953370	n/a	MRI_trigger
22963870	n/a	MRI_trigger
22974370	n/a	MRI_trigger
22984870	n/a	MRI_trigger
22995370	n/a	MRI_trigger
23005870	n/a	MRI_trigger
23016370	n/a	MRI_trigger
23026870	n/a	MRI_trigger
23037370	n/a	MRI_trigger
23047870	n/a	MRI_trigger
23058370	n/a	MRI_trigger
23068870	n/a	MRI_trigger
23079370	n/a	MRI_trigger
23089870	n/a	MRI_trigger
23100370	n/a	MRI_trigger
23110870	n/a	MRI_trigger
23121370	n/a	MRI_trigger
23131870	n/a	MRI_trigger
23142370	n/a	MRI_trigger
23152870	n/a	MRI_trigger
23163370	n/a	MRI_trigger
23173870	n/a	MRI_trigger
23184370	n/a	MRI_trigger
23194870	n/a	MRI_trigger
23205370	n/a	MRI_trigger
23215870	n/a	MRI_trigger
23226370	n/a	MRI_trigger
23236870	n/a	MRI_trigger
23247370	n/a	MRI_trigger
23257870	n/a	MRI_trigger
23268370	n/a	MRI_trigger
23278870	n/a	MRI_trigger
23289370	n/a	MRI_trigger
23299870	n/a	MRI_trigger
23310370	n/a	MRI_trigger
23320870	n/a	MRI_trigger
23331370	n/a	MRI_trigger
23341870	n/a	MRI_trigger
23352370	n/a	MRI_trigger
23362870	n/a	MRI_trigger
23373370	n/a	MRI_trigger
23383870	n/a	MRI_trigger
23394370	n/a	MRI_trigger
23404870	n/a	MRI_trigger
23415370	n/a	MRI_trigger
23425870	n/a	MRI_trigger
23436370	n/a	MRI_trigger
23446870	n/a	MRI_trigger
23457370	n/a	MRI_trigger
23467870	n/a	MRI_trigger
23478370	n/a	MRI_trigger
23488870	n/a	MRI_trigger
23499370	n/a	MRI_trigger
23509870	n/a	MRI_trigger
23520370	n/a	MRI_trigger
23530870	n/a	MRI_trigger
23541370	n/a	MRI_trigger
23551870	n/a	MRI_trigger
23562370	n/a	MRI_trigger
23572870	n/a	MRI_trigger
23583370	n/a	MRI_trigger
23593870	n/a	MRI_trigger
23604370	n/a	MRI_trigger
23614870	n/a	MRI_trigger
23625370	n/a	MRI_trigger
23635870	n/a	MRI_trigger
23646370	n/a	MRI_trigger
23656870	n/a	MRI_trigger
23667370	n/a	MRI_trigger
23677870	n/a	MRI_trigger
23688370	n/a	MRI_trigger
23698870	n/a	MRI_trigger
23709370	n/a	MRI_trigger
23719870	n/a	MRI_trigger
23730370	n/a	MRI_trigger
23740870	n/a	MRI_trigger
23751370	n/a	MRI_trigger
23761870	n/a	MRI_trigger
23772370	n/a	MRI_trigger
23782870	n/a	MRI_trigger
23793370	n/a	MRI_trigger
23803870	n/a	MRI_trigger
23814370	n/a	MRI_trigger
23824870	n/a	MRI_trigger
23835370	n/a	MRI_trigger
23845870	n/a	MRI_trigger
23856370	n/a	MRI_trigger
23866870	n/a	MRI_trigger
23877370	n/a	MRI_trigger
23887870	n/a	MRI_trigger
23898370	n/a	MRI_trigger
23908870	n/a	MRI_trigger
23919370	n/a	MRI_trigger
23929870	n/a	MRI_trigger
23940370	n/a	MRI_trigger
23950870	n/a	MRI_trigger
23961370	n/a	MRI_trigger
23971870	n/a	MRI_trigger
23982370	n/a	MRI_trigger
23992870	n/a	MRI_trigger
24003370	n/a	MRI_trigger
24013870	n/a	MRI_trigger
24024370	n/a	MRI_trigger
24034870	n/a	MRI_trigger
24045370	n/a	MRI_trigger
24055870	n/a	MRI_trigger
24066370	n/a	MRI_trigger
24076870	n/a	MRI_trigger
24087370	n/a	MRI_trigger
24097870	n/a	MRI_trigger
24108370	n/a	MRI_trigger
24118870	n/a	MRI_trigger
24129370	n/a	MRI_trigger
24139870	n/a	MRI_trigger
24150370	n/a	MRI_trigger
24160870	n/a	MRI_trigger
24171370	n/a	MRI_trigger
24181870	n/a	MRI_trigger
24192370	n/a	MRI_trigger
24202870	n/a	MRI_trigger
24213370	n/a	MRI_trigger
24223870	n/a	MRI_trigger
24234370	n/a	MRI_trigger
24244870	n/a	MRI_trigger
24255370	n/a	MRI_trigger
24265870	n/a	MRI_trigger
24276370	n/a	MRI_trigger
24286870	n/a	MRI_trigger
24297370	n/a	MRI_trigger
24307870	n/a	MRI_trigger
24318370	n/a	MRI_trigger
24328870	n/a	MRI_trigger
24339370	n/a	MRI_trigger
24349870	n/a	MRI_trigger
24360370	n/a	MRI_trigger
24370870	n/a	MRI_trigger
24381370	n/a	MRI_trigger
24391870	n/a	MRI_trigger
24402370	n/a	MRI_trigger
24412870	n/a	MRI_trigger
24423370	n/a	MRI_trigger
24433870	n/a	MRI_trigger
24444370	n/a	MRI_trigger
24454870	n/a	MRI_trigger
24465370	n/a	MRI_trigger
24475870	n/a	MRI_trigger
24486370	n/a	MRI_trigger
24496870	n/a	MRI_trigger
24507370	n/a	MRI_trigger
24517870	n/a	MRI_trigger
24528370	n/a	MRI_trigger
24538870	n/a	MRI_trigger
24549370	n/a	MRI_trigger
24559870	n/a	MRI_trigger
24570370	n/a	MRI_trigger
24580870	n/a	MRI_trigger
24591370	n/a	MRI_trigger
24601870	n/a	MRI_trigger
24612370	n/a	MRI_trigger
24622870	n/a	MRI_trigger
24633370	n/a	MRI_trigger
24643870	n/a	MRI_trigger
24654370	n/a	MRI_trigger
24664870	n/a	MRI_trigger
24675370	n/a	MRI_trigger
24685870	n/a	MRI_trigger
24696370	n/a	MRI_trigger
24706870	n/a	MRI_trigger
24717370	n/a	MRI_trigger
24727870	n/a	MRI_trigger
24738370	n/a	MRI_trigger
24748870	n/a	MRI_trigger
24759370	n/a	MRI_trigger
24769870	n/a	MRI_trigger
24780370	n/a	MRI_trigger
24790870	n/a	MRI_trigger
24801370	n/a	MRI_trigger
24811870	n/a	MRI_trigger
24822370	n/a	MRI_trigger
24832870	n/a	MRI_trigger
24843370	n/a	MRI_trigger
24853870	n/a	MRI_trigger
24864370	n/a	MRI_trigger
24874870	n/a	MRI_trigger
24885370	n/a	MRI_trigger
24895870	n/a	MRI_trigger
24906370	n/a	MRI_trigger
24916870	n/a	MRI_trigger
24927370	n/a	MRI_trigger
24937870	n/a	MRI_trigger
24948370	n/a	MRI_trigger
24958870	n/a	MRI_trigger
24969370	n/a	MRI_trigger
24979870	n/a	MRI_trigger
24990370	n/a	MRI_trigger
25000870	n/a	MRI_trigger
25011370	n/a	MRI_trigger
25021870	n/a	MRI_trigger
25032370	n/a	MRI_trigger
25042870	n/a	MRI_trigger
25053370	n/a	MRI_trigger
25063870	n/a	MRI_trigger
25074370	n/a	MRI_trigger
25084870	n/a	MRI_trigger
25095370	n/a	MRI_trigger
25105870	n/a	MRI_trigger
25116370	n/a	MRI_trigger
25126870	n/a	MRI_trigger
25137370	n/a	MRI_trigger
25147870	n/a	MRI_trigger
25158370	n/a	MRI_trigger
25168870	n/a	MRI_trigger
25179370	n/a	MRI_trigger
25189870	n/a	MRI_trigger
25200370	n/a	MRI_trigger
25210870	n/a	MRI_trigger
25221370	n/a	MRI_trigger
25231870	n/a	MRI_trigger
25242370	n/a	MRI_trigger
25252870	n/a	MRI_trigger
25263370	n/a	MRI_trigger
25273870	n/a	MRI_trigger
25284370	n/a	MRI_trigger
25294870	n/a	MRI_trigger
25305370	n/a	MRI_trigger
25315870	n/a	MRI_trigger
25326370	n/a	MRI_trigger
25336870	n/a	MRI_trigger
25347370	n/a	MRI_trigger
25357870	n/a	MRI_trigger
25368370	n/a	MRI_trigger
25378870	n/a	MRI_trigger
25389370	n/a	MRI_trigger
25399870	n/a	MRI_trigger
25410370	n/a	MRI_trigger
25420870	n/a	MRI_trigger
25431370	n/a	MRI_trigger
25441870	n/a	MRI_trigger
25452370	n/a	MRI_trigger
25462870	n/a	MRI_trigger
25473370	n/a	MRI_trigger
25483870	n/a	MRI_trigger
25494370	n/a	MRI_trigger
25504870	n/a	MRI_trigger
25515370	n/a	MRI_trigger
25525870	n/a	MRI_trigger
25536370	n/a	MRI_trigger
25546870	n/a	MRI_trigger
25557370	n/a	MRI_trigger
25567870	n/a	MRI_trigger
25578370	n/a	MRI_trigger
25588870	n/a	MRI_trigger
25599370	n/a	MRI_trigger
25609870	n/a	MRI_trigger
25620370	n/a	MRI_trigger
25630870	n/a	MRI_trigger
25641370	n/a	MRI_trigger
25651870	n/a	MRI_trigger
25662370	n/a	MRI_trigger
25672870	n/a	MRI_trigger
25683370	n/a	MRI_trigger
25693870	n/a	MRI_trigger
25704370	n/a	MRI_trigger
25714870	n/a	MRI_trigger
25725370	n/a	MRI_trigger
25735870	n/a	MRI_trigger
25746370	n/a	MRI_trigger
25756870	n/a	MRI_trigger
25767370	n/a	MRI_trigger
25777870	n/a	MRI_trigger
25788370	n/a	MRI_trigger
25798870	n/a	MRI_trigger
25809370	n/a	MRI_trigger
25819870	n/a	MRI_trigger
25830370	n/a	MRI_trigger
25840870	n/a	MRI_trigger
25851370	n/a	MRI_trigger
25861870	n/a	MRI_trigger
25872370	n/a	MRI_trigger
25882870	n/a	MRI_trigger
25893370	n/a	MRI_trigger
25903870	n/a	MRI_trigger
25914370	n/a	MRI_trigger
25924870	n/a	MRI_trigger
25935370	n/a	MRI_trigger
25945870	n/a	MRI_trigger
25956370	n/a	MRI_trigger
25966870	n/a	MRI_trigger
25977370	n/a	MRI_trigger
25987870	n/a	MRI_trigger
25998370	n/a	MRI_trigger
26008870	n/a	MRI_trigger
26019370	n/a	MRI_trigger
26029870	n/a	MRI_trigger
26040370	n/a	MRI_trigger
26050870	n/a	MRI_trigger
26061370	n/a	MRI_trigger
26071870	n/a	MRI_trigger
26082370	n/a	MRI_trigger
26092870	n/a	MRI_trigger
26103370	n/a	MRI_trigger
26113870	n/a	MRI_trigger
26124370	n/a	MRI_trigger
26134870	n/a	MRI_trigger
26145370	n/a	MRI_trigger
26155870	n/a	MRI_trigger
26166370	n/a	MRI_trigger
26176870	n/a	MRI_trigger
26187370	n/a	MRI_trigger
26197870	n/a	MRI_trigger
26208370	n/a	MRI_trigger
26218870	n/a	MRI_trigger
26229370	n/a	MRI_trigger
26239870	n/a	MRI_trigger
26250370	n/a	MRI_trigger
26260870	n/a	MRI_trigger
26271370	n/a	MRI_trigger
26281870	n/a	MRI_trigger
26292370	n/a	MRI_trigger
26302870	n/a	MRI_trigger
26313370	n/a	MRI_trigger
26323870	n/a	MRI_trigger
26334370	n/a	MRI_trigger
26344870	n/a	MRI_trigger
26355370	n/a	MRI_trigger
26365870	n/a	MRI_trigger
26376370	n/a	MRI_trigger
26386870	n/a	MRI_trigger
26397370	n/a	MRI_trigger
26407870	n/a	MRI_trigger
26418370	n/a	MRI_trigger
26428870	n/a	MRI_trigger
26439370	n/a	MRI_trigger
26449870	n/a	MRI_trigger
26460370	n/a	MRI_trigger
26470870	n/a	MRI_trigger
26481370	n/a	MRI_trigger
26491870	n/a	MRI_trigger
26502370	n/a	MRI_trigger
26512870	n/a	MRI_trigger
26523370	n/a	MRI_trigger
26533870	n/a	MRI_trigger
26544370	n/a	MRI_trigger
26554870	n/a	MRI_trigger
26565370	n/a	MRI_trigger
26575870	n/a	MRI_trigger
26586370	n/a	MRI_trigger
26596870	n/a	MRI_trigger
26607370	n/a	MRI_trigger
26617870	n/a	MRI_trigger
26628370	n/a	MRI_trigger
26638870	n/a	MRI_trigger
26649370	n/a	MRI_trigger
26659870	n/a	MRI_trigger
26670370	n/a	MRI_trigger
26680870	n/a	MRI_trigger
26691370	n/a	MRI_trigger
26701870	n/a	MRI_trigger
26712370	n/a	MRI_trigger
26722870	n/a	MRI_trigger
26733370	n/a	MRI_trigger
26743870	n/a	MRI_trigger
26754370	n/a	MRI_trigger
26764870	n/a	MRI_trigger
26775370	n/a	MRI_trigger
26785870	n/a	MRI_trigger
26796370	n/a	MRI_trigger
26806870	n/a	MRI_trigger
26817370	n/a	MRI_trigger
26827870	n/a	MRI_trigger
26838370	n/a	MRI_trigger
26848870	n/a	MRI_trigger
26859370	n/a	MRI_trigger
26869870	n/a	MRI_trigger
26880370	n/a	MRI_trigger
26890870	n/a	MRI_trigger
26901370	n/a	MRI_trigger
26911870	n/a	MRI_trigger
26922370	n/a	MRI_trigger
26932870	n/a	MRI_trigger
26943370	n/a	MRI_trigger
26953870	n/a	MRI_trigger
26964370	n/a	MRI_trigger
26974870	n/a	MRI_trigger
26985370	n/a	MRI_trigger
26995870	n/a	MRI_trigger
27006370	n/a	MRI_trigger
27016870	n/a	MRI_trigger
27027370	n/a	MRI_trigger
27037870	n/a	MRI_trigger
27048370	n/a	MRI_trigger
27058870	n/a	MRI_trigger
27069370	n/a	MRI_trigger
27079870	n/a	MRI_trigger
27090370	n/a	MRI_trigger
27100870	n/a	MRI_trigger
27111370	n/a	MRI_trigger
27121870	n/a	MRI_trigger
27132370	n/a	MRI_trigger
27142870	n/a	MRI_trigger
27153370	n/a	MRI_trigger
27163870	n/a	MRI_trigger
27174370	n/a	MRI_trigger
27184870	n/a	MRI_trigger
27195370	n/a	MRI_trigger
27205870	n/a	MRI_trigger
27216370	n/a	MRI_trigger
27226870	n/a	MRI_trigger
27237370	n/a	MRI_trigger
27247870	n/a	MRI_trigger
27258370	n/a	MRI_trigger
27268870	n/a	MRI_trigger
27279370	n/a	MRI_trigger
27289870	n/a	MRI_trigger
27300370	n/a	MRI_trigger
27310870	n/a	MRI_trigger
27321370	n/a	MRI_trigger
27331870	n/a	MRI_trigger
27342370	n/a	MRI_trigger
27352870	n/a	MRI_trigger
27363370	n/a	MRI_trigger
27373870	n/a	MRI_trigger
27384370	n/a	MRI_trigger
27394870	n/a	MRI_trigger
27405370	n/a	MRI_trigger
27415870	n/a	MRI_trigger
27426370	n/a	MRI_trigger
27436870	n/a	MRI_trigger
27447370	n/a	MRI_trigger
27457870	n/a	MRI_trigger
27468370	n/a	MRI_trigger
27478870	n/a	MRI_trigger
27489370	n/a	MRI_trigger
27499870	n/a	MRI_trigger
27510370	n/a	MRI_trigger
27520870	n/a	MRI_trigger
27531370	n/a	MRI_trigger
27541870	n/a	MRI_trigger
27552370	n/a	MRI_trigger
27562870	n/a	MRI_trigger
27573370	n/a	MRI_trigger
27583870	n/a	MRI_trigger
27594370	n/a	MRI_trigger
27604870	n/a	MRI_trigger
27615370	n/a	MRI_trigger
27625870	n/a	MRI_trigger
27636370	n/a	MRI_trigger
27646870	n/a	MRI_trigger
27657370	n/a	MRI_trigger
27667870	n/a	MRI_trigger
27678370	n/a	MRI_trigger
27688870	n/a	MRI_trigger
27699370	n/a	MRI_trigger
27709870	n/a	MRI_trigger
27720370	n/a	MRI_trigger
27730870	n/a	MRI_trigger
27741370	n/a	MRI_trigger
27751870	n/a	MRI_trigger
27762370	n/a	MRI_trigger
27772870	n/a	MRI_trigger
27783370	n/a	MRI_trigger
27793870	n/a	MRI_trigger
27804370	n/a	MRI_trigger
27814870	n/a	MRI_trigger
27825370	n/a	MRI_trigger
27835870	n/a	MRI_trigger
27846370	n/a	MRI_trigger
27856870	n/a	MRI_trigger
27867370	n/a	MRI_trigger
27877870	n/a	MRI_trigger
27888370	n/a	MRI_trigger
27898870	n/a	MRI_trigger
27909370	n/a	MRI_trigger
27919870	n/a	MRI_trigger
27930370	n/a	MRI_trigger
27940870	n/a	MRI_trigger
27951370	n/a	MRI_trigger
27961870	n/a	MRI_trigger
27972370	n/a	MRI_trigger
27982870	n/a	MRI_trigger
27993370	n/a	MRI_trigger
28003870	n/a	MRI_trigger
28014370	n/a	MRI_trigger
28024870	n/a	MRI_trigger
28035370	n/a	MRI_trigger
28045870	n/a	MRI_trigger
28056370	n/a	MRI_trigger
28066870	n/a	MRI_trigger
28077370	n/a	MRI_trigger
28087870	n/a	MRI_trigger
28098370	n/a	MRI_trigger
28108870	n/a	MRI_trigger
28119370	n/a	MRI_trigger
28129870	n/a	MRI_trigger
28140370	n/a	MRI_trigger
28150870	n/a	MRI_trigger
28161370	n/a	MRI_trigger
28171870	n/a	MRI_trigger
28182370	n/a	MRI_trigger
28192870	n/a	MRI_trigger
28203370	n/a	MRI_trigger
28213870	n/a	MRI_trigger
28224370	n/a	MRI_trigger
28234870	n/a	MRI_trigger
28245370	n/a	MRI_trigger
28255870	n/a	MRI_trigger
28266370	n/a	MRI_trigger
28276870	n/a	MRI_trigger
28287370	n/a	MRI_trigger
28297870	n/a	MRI_trigger
28308370	n/a	MRI_trigger
28318870	n/a	MRI_trigger
28329370	n/a	MRI_trigger
28339870	n/a	MRI_trigger
28350370	n/a	MRI_trigger
28360870	n/a	MRI_trigger
28371370	n/a	MRI_trigger
28381870	n/a	MRI_trigger
28392370	n/a	MRI_trigger
28402870	n/a	MRI_trigger
28413370	n/a	MRI_trigger
28423870	n/a	MRI_trigger
28434370	n/a	MRI_trigger
28444870	n/a	MRI_trigger
28455370	n/a	MRI_trigger
28465870	n/a	MRI_trigger
28476370	n/a	MRI_trigger
28486870	n/a	MRI_trigger
28497370	n/a	MRI_trigger
28507870	n/a	MRI_trigger
28518370	n/a	MRI_trigger
28528870	n/a	MRI_trigger
28539370	n/a	MRI_trigger
28549870	n/a	MRI_trigger
28560370	n/a	MRI_trigger
28570870	n/a	MRI_trigger
28581370	n/a	MRI_trigger
28591870	n/a	MRI_trigger
28602370	n/a	MRI_trigger
28612870	n/a	MRI_trigger
28623370	n/a	MRI_trigger
28633870	n/a	MRI_trigger
28644370	n/a	MRI_trigger
28654870	n/a	MRI_trigger
28665370	n/a	MRI_trigger
28675870	n/a	MRI_trigger
28686370	n/a	MRI_trigger
28696870	n/a	MRI_trigger
28707370	n/a	MRI_trigger
28717870	n/a	MRI_trigger
28728370	n/a	MRI_trigger
28738870	n/a	MRI_trigger
28749370	n/a	MRI_trigger
28759870	n/a	MRI_trigger
28770370	n/a	MRI_trigger
28780870	n/a	MRI_trigger
28791370	n/a	MRI_trigger
28801870	n/a	MRI_trigger
28812370	n/a	MRI_trigger
28822870	n/a	MRI_trigger
28833370	n/a	MRI_trigger
28843870	n/a	MRI_trigger
28854370	n/a	MRI_trigger
28864870	n/a	MRI_trigger
28875370	n/a	MRI_trigger
28885870	n/a	MRI_trigger
28896370	n/a	MRI_trigger
28906870	n/a	MRI_trigger
28917370	n/a	MRI_trigger
28927870	n/a	MRI_trigger
28938370	n/a	MRI_trigger
28948870	n/a	MRI_trigger
28959370	n/a	MRI_trigger
28969870	n/a	MRI_trigger
28980370	n/a	MRI_trigger
28990870	n/a	MRI_trigger
29001370	n/a	MRI_trigger
29011870	n/a	MRI_trigger
29022370	n/a	MRI_trigger
29032870	n/a	MRI_trigger
29043370	n/a	MRI_trigger
29053870	n/a	MRI_trigger
29064370	n/a	MRI_trigger
29074870	n/a	MRI_trigger
29085370	n/a	MRI_trigger
29095870	n/a	MRI_trigger
29106370	n/a	MRI_trigger
29116870	n/a	MRI_trigger
29127370	n/a	MRI_trigger
29137870	n/a	MRI_trigger
29148370	n/a	MRI_trigger
29158870	n/a	MRI_trigger
29169370	n/a	MRI_trigger
29179870	n/a	MRI_trigger
29190370	n/a	MRI_trigger
29200870	n/a	MRI_trigger
29211370	n/a	MRI_trigger
29221870	n/a	MRI_trigger
29232370	n/a	MRI_trigger
29242870	n/a	MRI_trigger
29253370	n/a	MRI_trigger
29263870	n/a	MRI_trigger
29274370	n/a	MRI_trigger
29284870	n/a	MRI_trigger
29295370	n/a	MRI_trigger
29305870	n/a	MRI_trigger
29316370	n/a	MRI_trigger
29326870	n/a	MRI_trigger
29337370	n/a	MRI_trigger
29347870	n/a	MRI_trigger
29358370	n/a	MRI_trigger
29368870	n/a	MRI_trigger
29379370	n/a	MRI_trigger
29389870	n/a	MRI_trigger
29400370	n/a	MRI_trigger
29410870	n/a	MRI_trigger
29421370	n/a	MRI_trigger
29431870	n/a	MRI_trigger
29442370	n/a	MRI_trigger
29452870	n/a	MRI_trigger
29463370	n/a	MRI_trigger
29473870	n/a	MRI_trigger
29484370	n/a	MRI_trigger
29494870	n/a	MRI_trigger
29505370	n/a	MRI_trigger
29515870	n/a	MRI_trigger
29526370	n/a	MRI_trigger
29536870	n/a	MRI_trigger
29547370	n/a	MRI_trigger
29557870	n/a	MRI_trigger
29568370	n/a	MRI_trigger
29578870	n/a	MRI_trigger
29589370	n/a	MRI_trigger
29599870	n/a	MRI_trigger
29610370	n/a	MRI_trigger
29620870	n/a	MRI_trigger
29631370	n/a	MRI_trigger
29641870	n/a	MRI_trigger
29652370	n/a	MRI_trigger
29662870	n/a	MRI_trigger
29673370	n/a	MRI_trigger
29683870	n/a	MRI_trigger
29694370	n/a	MRI_trigger
29704870	n/a	MRI_trigger
29715370	n/a	MRI_trigger
29725870	n/a	MRI_trigger
29736370	n/a	MRI_trigger
29746870	n/a	MRI_trigger
29757370	n/a	MRI_trigger
29767870	n/a	MRI_trigger
29778370	n/a	MRI_trigger
29788870	n/a	MRI_trigger
29799370	n/a	MRI_trigger
29809870	n/a	MRI_trigger
29820370	n/a	MRI_trigger
29830870	n/a	MRI_trigger
29841370	n/a	MRI_trigger
29851870	n/a	MRI_trigger
29862370	n/a	MRI_trigger
29872870	n/a	MRI_trigger
29883370	n/a	MRI_trigger
29893870	n/a	MRI_trigger
29904370	n/a	MRI_trigger
29914870	n/a	MRI_trigger
29925370	n/a	MRI_trigger
29935870	n/a	MRI_trigger
29946370	n/a	MRI_trigger
29956870	n/a	MRI_trigger
29967370	n/a	MRI_trigger
29977870	n/a	MRI_trigger
29988370	n/a	MRI_trigger
29998870	n/a	MRI_trigger
30009370	n/a	MRI_trigger
30019870	n/a	MRI_trigger
30030370	n/a	MRI_trigger
30040870	n/a	MRI_trigger
30051370	n/a	MRI_trigger
30061870	n/a	MRI_trigger
30072370	n/a	MRI_trigger
30082870	n/a	MRI_trigger
30093370	n/a	MRI_trigger
30103870	n/a	MRI_trigger
30114370	n/a	MRI_trigger
30124870	n/a	MRI_trigger
30135370	n/a	MRI_trigger
30145870	n/a	MRI_trigger
30156370	n/a	MRI_trigger
30166870	n/a	MRI_trigger
30177370	n/a	MRI_trigger
30187870	n/a	MRI_trigger
30198370	n/a	MRI_trigger
30208870	n/a	MRI_trigger
30219370	n/a	MRI_trigger
30229870	n/a	MRI_trigger
30240370	n/a	MRI_trigger
30250870	n/a	MRI_trigger
30261370	n/a	MRI_trigger
30271870	n/a	MRI_trigger
30282370	n/a	MRI_trigger
30292870	n/a	MRI_trigger
30303370	n/a	MRI_trigger
30313870	n/a	MRI_trigger
30324370	n/a	MRI_trigger
30334870	n/a	MRI_trigger
30345370	n/a	MRI_trigger
30355870	n/a	MRI_trigger
30366370	n/a	MRI_trigger
30376870	n/a	MRI_trigger
30387370	n/a	MRI_trigger
30397870	n/a	MRI_trigger
30408370	n/a	MRI_trigger
30418870	n/a	MRI_trigger
30429370	n/a	MRI_trigger
30439870	n/a	MRI_trigger
30450370	n/a	MRI_trigger
30460870	n/a	MRI_trigger
30471370	n/a	MRI_trigger
30481870	n/a	MRI_trigger
30492370	n/a	MRI_trigger
30502870	n/a	MRI_trigger
30513370	n/a	MRI_trigger
30523870	n/a	MRI_trigger
30534370	n/a	MRI_trigger
30544870	n/a	MRI_trigger
30555370	n/a	MRI_trigger
30565870	n/a	MRI_trigger
30576370	n/a	MRI_trigger
30586870	n/a	MRI_trigger
30597370	n/a	MRI_trigger
30607870	n/a	MRI_trigger
30618370	n/a	MRI_trigger
30628870	n/a	MRI_trigger
30639370	n/a	MRI_trigger
30649870	n/a	MRI_trigger
30660370	n/a	MRI_trigger
30670870	n/a	MRI_trigger
30681370	n/a	MRI_trigger
30691870	n/a	MRI_trigger
30702370	n/a	MRI_trigger
30712870	n/a	MRI_trigger
30723370	n/a	MRI_trigger
30733870	n/a	MRI_trigger
30744370	n/a	MRI_trigger
30754870	n/a	MRI_trigger
30765370	n/a	MRI_trigger
30775870	n/a	MRI_trigger
30786370	n/a	MRI_trigger
30796870	n/a	MRI_trigger
30807370	n/a	MRI_trigger
30817870	n/a	MRI_trigger
30828370	n/a	MRI_trigger
30838870	n/a	MRI_trigger
30849370	n/a	MRI_trigger
30859870	n/a	MRI_trigger
30870370	n/a	MRI_trigger
30880870	n/a	MRI_trigger
30891370	n/a	MRI_trigger
30901870	n/a	MRI_trigger
30912370	n/a	MRI_trigger
30922870	n/a	MRI_trigger
30933370	n/a	MRI_trigger
30943870	n/a	MRI_trigger
30954370	n/a	MRI_trigger
30964870	n/a	MRI_trigger
30975370	n/a	MRI_trigger
30985870	n/a	MRI_trigger
30996370	n/a	MRI_trigger
31006870	n/a	MRI_trigger
31017370	n/a	MRI_trigger
31027870	n/a	MRI_trigger
31038370	n/a	MRI_trigger
31048870	n/a	MRI_trigger
31059370	n/a	MRI_trigger
31069870	n/a	MRI_trigger
31080370	n/a	MRI_trigger
31090870	n/a	MRI_trigger
31101370	n/a	MRI_trigger
31111870	n/a	MRI_trigger
31122370	n/a	MRI_trigger
31132870	n/a	MRI_trigger
31143370	n/a	MRI_trigger
31153870	n/a	MRI_trigger
31164370	n/a	MRI_trigger
31174870	n/a	MRI_trigger
31185370	n/a	MRI_trigger
31195870	n/a	MRI_trigger
31206370	n/a	MRI_trigger
31216870	n/a	MRI_trigger
31227370	n/a	MRI_trigger
31237870	n/a	MRI_trigger
31248370	n/a	MRI_trigger
31258870	n/a	MRI_trigger
31269370	n/a	MRI_trigger
31279870	n/a	MRI_trigger
31290370	n/a	MRI_trigger
31300870	n/a	MRI_trigger
31311370	n/a	MRI_trigger
31321870	n/a	MRI_trigger
31332370	n/a	MRI_trigger
31342870	n/a	MRI_trigger
31353370	n/a	MRI_trigger
31363870	n/a	MRI_trigger
31374370	n/a	MRI_trigger
31384870	n/a	MRI_trigger
31395370	n/a	MRI_trigger
31405870	n/a	MRI_trigger
31416370	n/a	MRI_trigger
31426870	n/a	MRI_trigger
31437370	n/a	MRI_trigger
31447870	n/a	MRI_trigger
31458370	n/a	MRI_trigger
31468870	n/a	MRI_trigger
31479370	n/a	MRI_trigger
31489870	n/a	MRI_trigger
31500370	n/a	MRI_trigger
31510870	n/a	MRI_trigger
31521370	n/a	MRI_trigger
31531870	n/a	MRI_trigger
31542370	n/a	MRI_trigger
31552870	n/a	MRI_trigger
31563370	n/a	MRI_trigger
31573870	n/a	MRI_trigger
31584370	n/a	MRI_trigger
31594870	n/a	MRI_trigger
31605370	n/a	MRI_trigger
31615870	n/a	MRI_trigger
31626370	n/a	MRI_trigger
31636870	n/a	MRI_trigger
31647370	n/a	MRI_trigger
31657870	n/a	MRI_trigger
31668370	n/a	MRI_trigger
31678870	n/a	MRI_trigger
31689370	n/a	MRI_trigger
31699870	n/a	MRI_trigger
31710370	n/a	MRI_trigger
31720870	n/a	MRI_trigger
31731370	n/a	MRI_trigger
31741870	n/a	MRI_trigger
31752370	n/a	MRI_trigger
31762870	n/a	MRI_trigger
31773370	n/a	MRI_trigger
31783870	n/a	MRI_trigger
31794370	n/a	MRI_trigger
31804870	n/a	MRI_trigger
31815370	n/a	MRI_trigger
31825870	n/a	MRI_trigger
31836370	n/a	MRI_trigger
31846870	n/a	MRI_trigger
31857370	n/a	MRI_trigger
31867870	n/a	MRI_trigger
31878370	n/a	MRI_trigger
31888870	n/a	MRI_trigger
31899370	n/a	MRI_trigger
31909870	n/a	MRI_trigger
31920370	n/a	MRI_trigger
31930870	n/a	MRI_trigger
31941370	n/a	MRI_trigger
31951870	n/a	MRI_trigger
31962370	n/a	MRI_trigger
31972870	n/a	MRI_trigger
31983370	n/a	MRI_trigger
31993870	n/a	MRI_trigger
32004370	n/a	MRI_trigger
32014870	n/a	MRI_trigger
32025370	n/a	MRI_trigger
32035870	n/a	MRI_trigger
32046370	n/a	MRI_trigger
32056870	n/a	MRI_trigger
32067370	n/a	MRI_trigger
32077870	n/a	MRI_trigger
32088370	n/a	MRI_trigger
32098870	n/a	MRI_trigger
32109370	n/a	MRI_trigger
32119870	n/a	MRI_trigger
32130370	n/a	MRI_trigger
32140870	n/a	MRI_trigger
32151370	n/a	MRI_trigger
32161870	n/a	MRI_trigger
32172370	n/a	MRI_trigger
32182870	n/a	MRI_trigger
32193370	n/a	MRI_trigger
32203870	n/a	MRI_trigger
32214370	n/a	MRI_trigger
32224870	n/a	MRI_trigger
32235370	n/a	MRI_trigger
32245870	n/a	MRI_trigger
32256370	n/a	MRI_trigger
32266870	n/a	MRI_trigger
32277370	n/a	MRI_trigger
32287870	n/a	MRI_trigger
32298370	n/a	MRI_trigger
32308870	n/a	MRI_trigger
32319370	n/a	MRI_trigger
32329870	n/a	MRI_trigger
32340370	n/a	MRI_trigger
32350870	n/a	MRI_trigger
32361370	n/a	MRI_trigger
32371870	n/a	MRI_trigger
32382370	n/a	MRI_trigger
32392870	n/a	MRI_trigger
32403370	n/a	MRI_trigger
32413870	n/a	MRI_trigger
32424370	n/a	MRI_trigger
32434870	n/a	MRI_trigger
32445370	n/a	MRI_trigger
32455870	n/a	MRI_trigger
32466370	n/a	MRI_trigger
32476870	n/a	MRI_trigger
32487370	n/a	MRI_trigger
32497870	n/a	MRI_trigger
32508370	n/a	MRI_trigger
32518870	n/a	MRI_trigger
32529370	n/a	MRI_trigger
32539870	n/a	MRI_trigger
32550370	n/a	MRI_trigger
32560870	n/a	MRI_trigger
32571370	n/a	MRI_trigger
32581870	n/a	MRI_trigger
32592370	n/a	MRI_trigger
32602870	n/a	MRI_trigger
32613370	n/a	MRI_trigger
32623870	n/a	MRI_trigger
32634370	n/a	MRI_trigger
32644870	n/a	MRI_trigger
32655370	n/a	MRI_trigger
32665870	n/a	MRI_trigger
32676370	n/a	MRI_trigger
32686870	n/a	MRI_trigger
32697370	n/a	MRI_trigger
32707870	n/a	MRI_trigger
32718370	n/a	MRI_trigger
32728870	n/a	MRI_trigger
32739370	n/a	MRI_trigger
32749870	n/a	MRI_trigger
32760370	n/a	MRI_trigger
32770870	n/a	MRI_trigger
32781370	n/a	MRI_trigger
32791870	n/a	MRI_trigger
32802370	n/a	MRI_trigger
32812870	n/a	MRI_trigger
32823370	n/a	MRI_trigger
32833870	n/a	MRI_trigger
32844370	n/a	MRI_trigger
32854870	n/a	MRI_trigger
32865370	n/a	MRI_trigger
32875870	n/a	MRI_trigger
32886370	n/a	MRI_trigger
32896870	n/a	MRI_trigger
32907370	n/a	MRI_trigger
32917870	n/a	MRI_trigger
32928370	n/a	MRI_trigger
32938870	n/a	MRI_trigger
32949370	n/a	MRI_trigger
32959870	n/a	MRI_trigger
32970370	n/a	MRI_trigger
32980870	n/a	MRI_trigger
32991370	n/a	MRI_trigger
33001870	n/a	MRI_trigger
33012370	n/a	MRI_trigger
33022870	n/a	MRI_trigger
33033370	n/a	MRI_trigger
33043870	n/a	MRI_trigger
33054370	n/a	MRI_trigger
33064870	n/a	MRI_trigger
33075370	n/a	MRI_trigger
33085870	n/a	MRI_trigger
33096370	n/a	MRI_trigger
33106870	n/a	MRI_trigger
33117370	n/a	MRI_trigger
33127870	n/a	MRI_trigger
33138370	n/a	MRI_trigger
33148870	n/a	MRI_trigger
33159370	n/a	MRI_trigger
33169870	n/a	MRI_trigger
33180370	n/a	MRI_trigger
33190870	n/a	MRI_trigger
33201370	n/a	MRI_trigger
33211870	n/a	MRI_trigger
33222370	n/a	MRI_trigger
33232870	n/a	MRI_trigger
33243370	n/a	MRI_trigger
33253870	n/a	MRI_trigger
33264370	n/a	MRI_trigger
33274870	n/a	MRI_trigger
33285370	n/a	MRI_trigger
33295870	n/a	MRI_trigger
33306370	n/a	MRI_trigger
33316870	n/a	MRI_trigger
33327370	n/a	MRI_trigger
33337870	n/a	MRI_trigger
33348370	n/a	MRI_trigger
33358870	n/a	MRI_trigger
33369370	n/a	MRI_trigger
33379870	n/a	MRI_trigger
33390370	n/a	MRI_trigger
33400870	n/a	MRI_trigger
33411370	n/a	MRI_trigger
33421870	n/a	MRI_trigger
33432370	n/a	MRI_trigger
33442870	n/a	MRI_trigger
33453370	n/a	MRI_trigger
33463870	n/a	MRI_trigger
33474370	n/a	MRI_trigger
33484870	n/a	MRI_trigger
33495370	n/a	MRI_trigger
33505870	n/a	MRI_trigger
33516370	n/a	MRI_trigger
33526870	n/a	MRI_trigger
33537370	n/a	MRI_trigger
33547870	n/a	MRI_trigger
33558370	n/a	MRI_trigger
33568870	n/a	MRI_trigger
33579370	n/a	MRI_trigger
33589870	n/a	MRI_trigger
33600370	n/a	MRI_trigger
33610870	n/a	MRI_trigger
33621370	n/a	MRI_trigger
33631870	n/a	MRI_trigger
33642370	n/a	MRI_trigger
33652870	n/a	MRI_trigger
33663370	n/a	MRI_trigger
33673870	n/a	MRI_trigger
33684370	n/a	MRI_trigger
33694870	n/a	MRI_trigger
33705370	n/a	MRI_trigger
33715870	n/a	MRI_trigger
33726370	n/a	MRI_trigger
33736870	n/a	MRI_trigger
33747370	n/a	MRI_trigger
33757870	n/a	MRI_trigger
33768370	n/a	MRI_trigger
33778870	n/a	MRI_trigger
33789370	n/a	MRI_trigger
33799870	n/a	MRI_trigger
33810370	n/a	MRI_trigger
33820870	n/a	MRI_trigger
33831370	n/a	MRI_trigger
33841870	n/a	MRI_trigger
33852370	n/a	MRI_trigger
33862870	n/a	MRI_trigger
33873370	n/a	MRI_trigger
33883870	n/a	MRI_trigger
33894370	n/a	MRI_trigger
33904870	n/a	MRI_trigger
33915370	n/a	MRI_trigger
33925870	n/a	MRI_trigger
33936370	n/a	MRI_trigger
33946870	n/a	MRI_trigger
33957370	n/a	MRI_trigger
33967870	n/a	MRI_trigger
33978370	n/a	MRI_trigger
33988870	n/a	MRI_trigger
33999370	n/a	MRI_trigger
34009870	n/a	MRI_trigger
34020370	n/a	MRI_trigger
34030870	n/a	MRI_trigger
34041370	n/a	MRI_trigger
34051870	n/a	MRI_trigger
34062370	n/a	MRI_trigger
34072870	n/a	MRI_trigger
34083370	n/a	MRI_trigger
34093870	n/a	MRI_trigger
34104370	n/a	MRI_trigger
34114870	n/a	MRI_trigger
34125370	n/a	MRI_trigger
34135870	n/a	MRI_trigger
34146370	n/a	MRI_trigger
34156870	n/a	MRI_trigger
34167370	n/a	MRI_trigger
34177870	n/a	MRI_trigger
34188370	n/a	MRI_trigger
34198870	n/a	MRI_trigger
34209370	n/a	MRI_trigger
34219870	n/a	MRI_trigger
34230370	n/a	MRI_trigger
34240870	n/a	MRI_trigger
34251370	n/a	MRI_trigger
34261870	n/a	MRI_trigger
34272370	n/a	MRI_trigger
34282870	n/a	MRI_trigger
34293370	n/a	MRI_trigger
34303870	n/a	MRI_trigger
34314370	n/a	MRI_trigger
34324870	n/a	MRI_trigger
34335370	n/a	MRI_trigger
34345870	n/a	MRI_trigger
34356370	n/a	MRI_trigger
34366870	n/a	MRI_trigger
34377370	n/a	MRI_trigger
34387870	n/a	MRI_trigger
34398370	n/a	MRI_trigger
34408870	n/a	MRI_trigger
34419370	n/a	MRI_trigger
34429870	n/a	MRI_trigger
34440370	n/a	MRI_trigger
34450870	n/a	MRI_trigger
34461370	n/a	MRI_trigger
34471870	n/a	MRI_trigger
34482370	n/a	MRI_trigger
34492870	n/a	MRI_trigger
34503370	n/a	MRI_trigger
34513870	n/a	MRI_trigger
34524370	n/a	MRI_trigger
34534870	n/a	MRI_trigger
34545370	n/a	MRI_trigger
34555870	n/a	MRI_trigger
34566370	n/a	MRI_trigger
34576870	n/a	MRI_trigger
34587370	n/a	MRI_trigger
34597870	n/a	MRI_trigger
34608370	n/a	MRI_trigger
34618870	n/a	MRI_trigger
34629370	n/a	MRI_trigger
34639870	n/a	MRI_trigger
34650370	n/a	MRI_trigger
34660870	n/a	MRI_trigger
34671370	n/a	MRI_trigger
34681870	n/a	MRI_trigger
34692370	n/a	MRI_trigger
34702870	n/a	MRI_trigger
34713370	n/a	MRI_trigger
34723870	n/a	MRI_trigger
34734370	n/a	MRI_trigger
34744870	n/a	MRI_trigger
34755370	n/a	MRI_trigger
34765870	n/a	MRI_trigger
34776370	n/a	MRI_trigger
34786870	n/a	MRI_trigger
34797370	n/a	MRI_trigger
34807870	n/a	MRI_trigger
34818370	n/a	MRI_trigger
34828870	n/a	MRI_trigger
34839370	n/a	MRI_trigger
34849870	n/a	MRI_trigger
34860370	n/a	MRI_trigger
34870870	n/a	MRI_trigger
34881370	n/a	MRI_trigger
34891870	n/a	MRI_trigger
34902370	n/a	MRI_trigger
34912870	n/a	MRI_trigger
34923370	n/a	MRI_trigger
34933870	n/a	MRI_trigger
34944370	n/a	MRI_trigger
34954870	n/a	MRI_trigger
34965370	n/a	MRI_trigger
34975870	n/a	MRI_trigger
34986370	n/a	MRI_trigger
34996870	n/a	MRI_trigger
35007370	n/a	MRI_trigger
35017870	n/a	MRI_trigger
35028370	n/a	MRI_trigger
35038870	n/a	MRI_trigger
35049370	n/a	MRI_trigger
35059870	n/a	MRI_trigger
35070370	n/a	MRI_trigger
35080870	n/a	MRI_trigger
35091370	n/a	MRI_trigger
35101870	n/a	MRI_trigger
35112370	n/a	MRI_trigger
35122870	n/a	MRI_trigger
35133370	n/a	MRI_trigger
35143870	n/a	MRI_trigger
35154370	n/a	MRI_trigger
35164870	n/a	MRI_trigger
35175370	n/a	MRI_trigger
35185870	n/a	MRI_trigger
35196370	n/a	MRI_trigger
35206870	n/a	MRI_trigger
35217370	n/a	MRI_trigger
35227870	n/a	MRI_trigger
35238370	n/a	MRI_trigger
35248870	n/a	MRI_trigger
35259370	n/a	MRI_trigger
35269870	n/a	MRI_trigger
35280370	n/a	MRI_trigger
35290870	n/a	MRI_trigger
35301370	n/a	MRI_trigger
35311870	n/a	MRI_trigger
35322370	n/a	MRI_trigger
35332870	n/a	MRI_trigger
35343370	n/a	MRI_trigger
35353870	n/a	MRI_trigger
35364370	n/a	MRI_trigger
35374870	n/a	MRI_trigger
35385370	n/a	MRI_trigger
35395870	n/a	MRI_trigger
35406370	n/a	MRI_trigger
35416870	n/a	MRI_trigger
35427370	n/a	MRI_trigger
35437870	n/a	MRI_trigger
35448370	n/a	MRI_trigger
35458870	n/a	MRI_trigger
35469370	n/a	MRI_trigger
35479870	n/a	MRI_trigger
35490370	n/a	MRI_trigger
35500870	n/a	MRI_trigger
35511370	n/a	MRI_trigger
35521870	n/a	MRI_trigger
35532370	n/a	MRI_trigger
35542870	n/a	MRI_trigger
35553370	n/a	MRI_trigger
35563870	n/a	MRI_trigger
35574370	n/a	MRI_trigger
35584870	n/a	MRI_trigger
35595370	n/a	MRI_trigger
35605870	n/a	MRI_trigger
35616370	n/a	MRI_trigger
35626870	n/a	MRI_trigger
35637370	n/a	MRI_trigger
35647870	n/a	MRI_trigger
35658370	n/a	MRI_trigger
35668870	n/a	MRI_trigger
35679370	n/a	MRI_trigger
35689870	n/a	MRI_trigger
35700370	n/a	MRI_trigger
35710870	n/a	MRI_trigger
35721370	n/a	MRI_trigger
35731870	n/a	MRI_trigger
35742370	n/a	MRI_trigger
35752870	n/a	MRI_trigger
35763370	n/a	MRI_trigger
35773870	n/a	MRI_trigger
35784370	n/a	MRI_trigger
35794870	n/a	MRI_trigger
35805370	n/a	MRI_trigger
35815870	n/a	MRI_trigger
35826370	n/a	MRI_trigger
35836870	n/a	MRI_trigger
35847370	n/a	MRI_trigger
35857870	n/a	MRI_trigger
35868370	n/a	MRI_trigger
35878870	n/a	MRI_trigger
35889370	n/a	MRI_trigger
35899870	n/a	MRI_trigger
35910370	n/a	MRI_trigger
35920870	n/a	MRI_trigger
35931370	n/a	MRI_trigger
35941870	n/a	MRI_trigger
35952370	n/a	MRI_trigger
35962870	n/a	MRI_trigger
35973370	n/a	MRI_trigger
35983870	n/a	MRI_trigger
35994370	n/a	MRI_trigger
36004870	n/a	MRI_trigger
36015370	n/a	MRI_trigger
36025870	n/a	MRI_trigger
36036370	n/a	MRI_trigger
36046870	n/a	MRI_trigger
36057370	n/a	MRI_trigger
36067870	n/a	MRI_trigger
36078370	n/a	MRI_trigger
36088870	n/a	MRI_trigger
36099370	n/a	MRI_trigger
36109870	n/a	MRI_trigger
36120370	n/a	MRI_trigger
36130870	n/a	MRI_trigger
36141370	n/a	MRI_trigger
36151870	n/a	MRI_trigger
36162370	n/a	MRI_trigger
36172870	n/a	MRI_trigger
36183370	n/a	MRI_trigger
36193870	n/a	MRI_trigger
36204370	n/a	MRI_trigger
36214870	n/a	MRI_trigger
36225370	n/a	MRI_trigger
36235870	n/a	MRI_trigger
36246370	n/a	MRI_trigger
36256870	n/a	MRI_trigger
36267370	n/a	MRI_trigger
36277870	n/a	MRI_trigger
36288370	n/a	MRI_trigger
36298870	n/a	MRI_trigger
36309370	n/a	MRI_trigger
36319870	n/a	MRI_trigger
36330370	n/a	MRI_trigger
36340870	n/a	MRI_trigger
36351370	n/a	MRI_trigger
36361870	n/a	MRI_trigger
36372370	n/a	MRI_trigger
36382870	n/a	MRI_trigger
36393370	n/a	MRI_trigger
36403870	n/a	MRI_trigger
36414370	n/a	MRI_trigger
36424870	n/a	MRI_trigger
36435370	n/a	MRI_trigger
36445870	n/a	MRI_trigger
36456370	n/a	MRI_trigger
36466870	n/a	MRI_trigger
36477370	n/a	MRI_trigger
36487870	n/a	MRI_trigger
36498370	n/a	MRI_trigger
36508870	n/a	MRI_trigger
36519370	n/a	MRI_trigger
36529870	n/a	MRI_trigger
36540370	n/a	MRI_trigger
36550870	n/a	MRI_trigger
36561370	n/a	MRI_trigger
36571870	n/a	MRI_trigger
36582370	n/a	MRI_trigger
36592870	n/a	MRI_trigger
36603370	n/a	MRI_trigger
36613870	n/a	MRI_trigger
36624370	n/a	MRI_trigger
36634870	n/a	MRI_trigger
36645370	n/a	MRI_trigger
36655870	n/a	MRI_trigger
36666370	n/a	MRI_trigger
36676870	n/a	MRI_trigger
36687370	n/a	MRI_trigger
36697870	n/a	MRI_trigger
36708370	n/a	MRI_trigger
36718870	n/a	MRI_trigger
36729370	n/a	MRI_trigger
36739870	n/a	MRI_trigger
36750370	n/a	MRI_trigger
36760870	n/a	MRI_trigger
36771370	n/a	MRI_trigger
36781870	n/a	MRI_trigger
36792370	n/a	MRI_trigger
36802870	n/a	MRI_trigger
36813370	n/a	MRI_trigger
36823870	n/a	MRI_trigger
36834370	n/a	MRI_trigger
36844870	n/a	MRI_trigger
36855370	n/a	MRI_trigger
36865870	n/a	MRI_trigger
36876370	n/a	MRI_trigger
36886870	n/a	MRI_trigger
36897370	n/a	MRI_trigger
36907870	n/a	MRI_trigger
36918370	n/a	MRI_trigger
36928870	n/a	MRI_trigger
36939370	n/a	MRI_trigger
36949870	n/a	MRI_trigger
36960370	n/a	MRI_trigger
36970870	n/a	MRI_trigger
36981370	n/a	MRI_trigger
36991870	n/a	MRI_trigger
37002370	n/a	MRI_trigger
37012870	n/a	MRI_trigger
37023370	n/a	MRI_trigger
37033870	n/a	MRI_trigger
37044370	n/a	MRI_trigger
37054870	n/a	MRI_trigger
37065370	n/a	MRI_trigger
37075870	n/a	MRI_trigger
37086370	n/a	MRI_trigger
37096870	n/a	MRI_trigger
37107370	n/a	MRI_trigger
37117870	n/a	MRI_trigger
37128370	n/a	MRI_trigger
37138870	n/a	MRI_trigger
37149370	n/a	MRI_trigger
37159870	n/a	MRI_trigger
37170370	n/a	MRI_trigger
37180870	n/a	MRI_trigger
37191370	n/a	MRI_trigger
37201870	n/a	MRI_trigger
37212370	n/a	MRI_trigger
37222870	n/a	MRI_trigger
37233370	n/a	MRI_trigger
37243870	n/a	MRI_trigger
37254370	n/a	MRI_trigger
37264870	n/a	MRI_trigger
37275370	n/a	MRI_trigger
37285870	n/a	MRI_trigger
37296370	n/a	MRI_trigger
37306870	n/a	MRI_trigger
37317370	n/a	MRI_trigger
37327870	n/a	MRI_trigger
37338370	n/a	MRI_trigger
37348870	n/a	MRI_trigger
37359370	n/a	MRI_trigger
37369870	n/a	MRI_trigger
37380370	n/a	MRI_trigger
37390870	n/a	MRI_trigger
37401370	n/a	MRI_trigger
37411870	n/a	MRI_trigger
37422370	n/a	MRI_trigger
37432870	n/a	MRI_trigger
37443370	n/a	MRI_trigger
37453870	n/a	MRI_trigger
37464370	n/a	MRI_trigger
37474870	n/a	MRI_trigger
37485370	n/a	MRI_trigger
37495870	n/a	MRI_trigger
37506370	n/a	MRI_trigger
37516870	n/a	MRI_trigger
37527370	n/a	MRI_trigger
37537870	n/a	MRI_trigger
37548370	n/a	MRI_trigger
37558870	n/a	MRI_trigger
37569370	n/a	MRI_trigger
37579870	n/a	MRI_trigger
37590370	n/a	MRI_trigger
37600870	n/a	MRI_trigger
37611370	n/a	MRI_trigger
37621870	n/a	MRI_trigger
37632370	n/a	MRI_trigger
37642870	n/a	MRI_trigger
37653370	n/a	MRI_trigger
37663870	n/a	MRI_trigger
37674370	n/a	MRI_trigger
37684870	n/a	MRI_trigger
37695370	n/a	MRI_trigger
37705870	n/a	MRI_trigger
37716370	n/a	MRI_trigger
37726870	n/a	MRI_trigger
37737370	n/a	MRI_trigger
37747870	n/a	MRI_trigger
37758370	n/a	MRI_trigger
37768870	n/a	MRI_trigger
37779370	n/a	MRI_trigger
37789870	n/a	MRI_trigger
37800370	n/a	MRI_trigger
37810870	n/a	MRI_trigger
